dataset_source,scale,engine,approach,schema,collection,repeat,n_queries,mean_latency_ms,p95_latency_ms,throughput_qps,cpu_percent,storage_mb,ciphertext_expansion_factor,recovery_accuracy,recovery_accuracy_filtered,linkage_recovery_accuracy,n_unique_tokens,decoy_target_ratio
excel,1000,mongo,A,single,lab_orders,0,5000,1.5725984799937578,2.7910999982850635,626.8226671159559,36.5,0.101480484008789,1.0,1.0,,,5000,
excel,1000,mongo,A,single,lab_orders,1,5000,1.5353311000173562,2.6478350000616047,641.750934767792,33.1,0.101480484008789,1.0,1.0,,,5000,
excel,1000,mongo,A,single,lab_orders,2,5000,1.5428466999823285,2.682350000577572,638.5214988719555,34.2,0.101480484008789,1.0,1.0,,,5000,
excel,1000,mongo,B,single,lab_orders,0,5000,1.6225072000321237,2.936940000472532,592.0094448711169,38.5,0.2584733963012695,2.547025655483507,0.7236,,,97,
excel,1000,mongo,B,single,lab_orders,1,5000,1.5533942000343814,2.6749499991638004,619.6152952382752,33.7,0.2584733963012695,2.547025655483507,0.7236,,,97,
excel,1000,mongo,B,single,lab_orders,2,5000,1.4934027000104837,2.509004998137243,645.0565664295912,31.8,0.2584733963012695,2.547025655483507,0.7236,,,97,
excel,1000,mongo,C,single,lab_orders,0,5000,1.6072714999805613,2.6519000020925887,600.0471877109244,33.2,1.3739862442016602,13.539413588948408,0.3984,0.4048,,97,0.5
excel,1000,mongo,C,single,lab_orders,1,5000,1.542384880019381,2.5804249997236184,626.54968449404,29.5,1.3739862442016602,13.539413588948408,0.3984,0.4048,,97,0.5
excel,1000,mongo,C,single,lab_orders,2,5000,2.3817334600411413,4.365464999318648,401.1948352487831,50.0,1.3739862442016602,13.539413588948408,0.3984,0.4048,,97,0.5
excel,1000,mongo,C,single,lab_orders,0,5000,2.547924099982629,4.309135000585229,375.11874852884216,47.6,1.99580192565918,19.66685461892679,0.3288,0.4188,,97,0.75
excel,1000,mongo,C,single,lab_orders,1,5000,2.6177878599795803,4.333105000114302,365.1027810331102,50.5,1.99580192565918,19.66685461892679,0.3288,0.4188,,97,0.75
excel,1000,mongo,C,single,lab_orders,2,5000,2.52918739997549,4.229124999073974,377.99836620038417,47.8,1.99580192565918,19.66685461892679,0.3288,0.4188,,97,0.75
excel,1000,mongo,C,single,lab_orders,0,5000,3.124759699989954,4.834215000300901,310.7121062242041,41.9,2.6189098358154297,25.80702941452871,0.0,0.3352,,97,1.0
excel,1000,mongo,C,single,lab_orders,1,5000,2.647248159944138,3.61751999862463,367.5852153139127,34.6,2.6189098358154297,25.80702941452871,0.0,0.3352,,97,1.0
excel,1000,mongo,C,single,lab_orders,2,5000,3.9305851000084657,5.331985002521834,246.36934731706552,49.7,2.6189098358154297,25.80702941452871,0.0,0.3352,,97,1.0
excel,1000,mongo,D,single,lab_orders,0,5000,2.5286192399660647,4.495060000954254,377.27860431300815,48.7,1.3715581893920898,13.515487266234375,0.3984,0.3984,,97,0.5
excel,1000,mongo,D,single,lab_orders,1,5000,2.5261713600033544,4.463925000709423,377.62391030008433,47.8,1.3715581893920898,13.515487266234375,0.3984,0.3984,,97,0.5
excel,1000,mongo,D,single,lab_orders,2,5000,2.454800660038745,4.278854999211035,388.6297354678877,46.2,1.3715581893920898,13.515487266234375,0.3984,0.3984,,97,0.5
excel,1000,mongo,D,single,lab_orders,0,5000,2.500529960042331,4.238900000018475,381.7333506732231,45.4,1.991998672485352,19.62937693825768,0.3288,0.3288,,97,0.75
excel,1000,mongo,D,single,lab_orders,1,5000,2.59687259999846,4.4899050020831055,367.7738380373216,50.9,1.991998672485352,19.62937693825768,0.3288,0.3288,,97,0.75
excel,1000,mongo,D,single,lab_orders,2,5000,2.5589700800010178,4.310959999929764,373.1093523068026,49.2,1.991998672485352,19.62937693825768,0.3288,0.3288,,97,0.75
excel,1000,mongo,D,single,lab_orders,0,5000,3.694957739973325,4.91062999717542,261.6874098251664,45.2,2.613853454589844,25.757203270369327,0.0,0.0,,97,1.0
excel,1000,mongo,D,single,lab_orders,1,5000,3.668456220012013,4.985399999168294,263.75970136534266,46.6,2.613853454589844,25.757203270369327,0.0,0.0,,97,1.0
excel,1000,mongo,D,single,lab_orders,2,5000,2.5124242800571666,3.089450000879878,387.9716317005886,30.9,2.613853454589844,25.757203270369327,0.0,0.0,,97,1.0
excel,1000,mongo,A,multi,patients,0,5000,4.31684311997742,7.008599997971032,229.75189327393463,38.4,0.0780668258666992,1.0,1.0,,,5000,
excel,1000,mongo,A,multi,patients,1,5000,5.5253881199852914,7.783990000461927,178.9889932723345,45.4,0.0780668258666992,1.0,1.0,,,5000,
excel,1000,mongo,A,multi,patients,2,5000,3.799269259996072,5.67181499718572,259.4896587818305,32.6,0.0780668258666992,1.0,1.0,,,5000,
excel,1000,mongo,A,multi,lab_orders,0,5000,2.3875287000118988,4.551620000347612,407.8291084454523,51.9,0.101480484008789,1.0,1.0,,,5000,
excel,1000,mongo,A,multi,lab_orders,1,5000,1.8449577799889083,3.3388450010534143,532.429265600733,39.8,0.101480484008789,1.0,1.0,,,5000,
excel,1000,mongo,A,multi,lab_orders,2,5000,1.601023379999242,2.7223550030612387,614.0214122776055,31.4,0.101480484008789,1.0,1.0,,,5000,
excel,1000,mongo,A,multi,billing,0,5000,3.0424498800217408,4.613484999572393,325.6995673322589,34.6,0.0861053466796875,1.0,1.0,,,5000,
excel,1000,mongo,A,multi,billing,1,5000,3.352548400017986,5.245439998179792,294.4124717079772,37.5,0.0861053466796875,1.0,1.0,,,5000,
excel,1000,mongo,A,multi,billing,2,5000,3.069957979988976,3.765410000596603,321.9165209941019,29.3,0.0861053466796875,1.0,1.0,,,5000,
excel,1000,mongo,A,multi,linkage,0,0,0.0,0.0,0.0,0.0,0.0,1.0,,,1.0,0,
excel,1000,mongo,B,multi,patients,0,5000,3.916643079986534,5.100424997363008,249.1250243351364,28.8,0.2126054763793945,2.723378003640406,1.0,,,5,
excel,1000,mongo,B,multi,patients,1,5000,4.01178461999807,5.1721700003327,242.74756452583716,31.1,0.2126054763793945,2.723378003640406,1.0,,,5,
excel,1000,mongo,B,multi,patients,2,5000,3.978134219969797,5.137580000337039,244.74610391614385,30.3,0.2126054763793945,2.723378003640406,1.0,,,5,
excel,1000,mongo,B,multi,lab_orders,0,5000,1.6071527800020704,2.767020001738274,589.6357553426091,33.1,0.2584733963012695,2.547025655483507,0.7236,,,97,
excel,1000,mongo,B,multi,lab_orders,1,5000,1.5977435999819136,2.7028600004996406,599.0141664454572,29.6,0.2584733963012695,2.547025655483507,0.7236,,,97,
excel,1000,mongo,B,multi,lab_orders,2,5000,1.591441600023245,2.735850000681239,601.2305530023368,30.3,0.2584733963012695,2.547025655483507,0.7236,,,97,
excel,1000,mongo,B,multi,billing,0,5000,3.0948609399827545,3.8266300010946,314.9689113716121,30.2,0.2554006576538086,2.9661416799574694,1.0,,,4,
excel,1000,mongo,B,multi,billing,1,5000,3.0957823199787526,3.767224999864993,314.00886953222533,29.5,0.2554006576538086,2.9661416799574694,1.0,,,4,
excel,1000,mongo,B,multi,billing,2,5000,3.1743291199731174,3.972720000274421,306.27795192128355,31.7,0.2554006576538086,2.9661416799574694,1.0,,,4,
excel,1000,mongo,B,multi,linkage,0,0,0.0,0.0,0.0,0.0,0.0,1.0,,,1.0,0,
excel,1000,mongo,C,multi,patients,0,5000,4.503005340001255,5.648475001362385,217.0932221394741,32.3,0.5553760528564453,7.114110849143039,0.8814,0.8814,,5,0.5
excel,1000,mongo,C,multi,patients,1,5000,4.3731514799706925,5.292699998244644,224.02763103035716,29.1,0.5553760528564453,7.114110849143039,0.8814,0.8814,,5,0.5
excel,1000,mongo,C,multi,patients,2,5000,4.449383699987811,5.478420001963968,220.13026657589137,31.3,0.5553760528564453,7.114110849143039,0.8814,0.8814,,5,0.5
excel,1000,mongo,C,multi,lab_orders,0,5000,1.6735166399979788,2.759205000438669,573.7242421050307,29.4,1.3739862442016602,13.539413588948408,0.3984,0.4048,,97,0.5
excel,1000,mongo,C,multi,lab_orders,1,5000,1.8160835199938448,3.108444998724736,528.4060749113021,42.1,1.3739862442016602,13.539413588948408,0.3984,0.4048,,97,0.5
excel,1000,mongo,C,multi,lab_orders,2,5000,1.6419977000019572,2.775229998769646,586.4094427776317,38.8,1.3739862442016602,13.539413588948408,0.3984,0.4048,,97,0.5
excel,1000,mongo,C,multi,billing,0,5000,3.201265339951351,4.132315000424569,304.7711112876561,38.3,0.3113002777099609,3.6153420166578063,1.0,1.0,,4,0.5
excel,1000,mongo,C,multi,billing,1,5000,3.233704579998448,4.047229999378033,301.80450482821385,39.9,0.3113002777099609,3.6153420166578063,1.0,1.0,,4,0.5
excel,1000,mongo,C,multi,billing,2,5000,3.067362980000325,3.8763499995184256,318.7336269324361,33.3,0.3113002777099609,3.6153420166578063,1.0,1.0,,4,0.5
excel,1000,mongo,C,multi,patients,0,5000,4.015814019976824,4.84593499913899,244.4568193918435,28.9,0.7303266525268555,9.355147265419808,0.9158,0.8814,,5,0.75
excel,1000,mongo,C,multi,patients,1,5000,3.998842399985733,4.9131999983728765,245.429584507193,29.9,0.7303266525268555,9.355147265419808,0.9158,0.8814,,5,0.75
excel,1000,mongo,C,multi,patients,2,5000,4.036166699999012,4.995350000717736,243.1274246976421,30.6,0.7303266525268555,9.355147265419808,0.9158,0.8814,,5,0.75
excel,1000,mongo,C,multi,lab_orders,0,5000,1.625604600020597,2.576750000480388,594.8870339861987,29.4,1.99580192565918,19.66685461892679,0.3288,0.4188,,97,0.75
excel,1000,mongo,C,multi,lab_orders,1,5000,1.6145036999791045,2.5867200003631297,598.8985058680323,29.3,1.99580192565918,19.66685461892679,0.3288,0.4188,,97,0.75
excel,1000,mongo,C,multi,lab_orders,2,5000,1.6174269000403,2.602670001215302,597.5296213357382,29.8,1.99580192565918,19.66685461892679,0.3288,0.4188,,97,0.75
excel,1000,mongo,C,multi,billing,0,5000,3.079990879994148,3.773610001371708,317.90222173281774,29.1,0.3546962738037109,4.119329257487152,1.0,1.0,,4,0.75
excel,1000,mongo,C,multi,billing,1,5000,3.092154900008609,3.732070001024113,316.69938034022687,29.5,0.3546962738037109,4.119329257487152,1.0,1.0,,4,0.75
excel,1000,mongo,C,multi,billing,2,5000,3.083834920000663,3.779524999481511,317.3585430942792,30.3,0.3546962738037109,4.119329257487152,1.0,1.0,,4,0.75
excel,1000,mongo,C,multi,patients,0,5000,4.072961059981026,4.913650000708004,241.0916002751161,28.2,0.9046802520751952,11.588536385736449,0.018,0.8814,,5,1.0
excel,1000,mongo,C,multi,patients,1,5000,4.148858280069544,5.091235000509187,236.65111075300345,30.5,0.9046802520751952,11.588536385736449,0.018,0.8814,,5,1.0
excel,1000,mongo,C,multi,patients,2,5000,4.14324785998906,5.066704998171191,237.01562627431636,29.2,0.9046802520751952,11.588536385736449,0.018,0.8814,,5,1.0
excel,1000,mongo,C,multi,lab_orders,0,5000,2.4359912600288225,2.8620850011066072,400.3450942685534,32.7,2.6189098358154297,25.80702941452871,0.0,0.3352,,97,1.0
excel,1000,mongo,C,multi,lab_orders,1,5000,2.445027419978578,2.863115001491679,399.07923162619016,29.7,2.6189098358154297,25.80702941452871,0.0,0.3352,,97,1.0
excel,1000,mongo,C,multi,lab_orders,2,5000,2.4459316999847944,2.864030001910578,398.9597523417525,29.7,2.6189098358154297,25.80702941452871,0.0,0.3352,,97,1.0
excel,1000,mongo,C,multi,billing,0,5000,3.210925580014009,3.8628700001936527,305.0576682236231,28.9,0.4243659973144531,4.928451178451178,0.3124,0.3124,,4,1.0
excel,1000,mongo,C,multi,billing,1,5000,3.216334579991235,3.8811199976407806,304.5753157739486,29.2,0.4243659973144531,4.928451178451178,0.3124,0.3124,,4,1.0
excel,1000,mongo,C,multi,billing,2,5000,3.28438667997616,3.964360001009482,298.11359144991627,31.0,0.4243659973144531,4.928451178451178,0.3124,0.3124,,4,1.0
excel,1000,mongo,C,multi,linkage,0,0,0.0,0.0,0.0,0.0,0.0,1.0,,,1.0,0,
excel,1000,mongo,D,multi,patients,0,5000,3.99919494001806,4.947095001261914,245.44744448149453,29.7,0.5557031631469727,7.118300980955057,0.8814,0.8814,,5,0.5
excel,1000,mongo,D,multi,patients,1,5000,3.993599319930945,4.9573999969652505,245.82874950802824,28.9,0.5557031631469727,7.118300980955057,0.8814,0.8814,,5,0.5
excel,1000,mongo,D,multi,patients,2,5000,4.009932339999068,5.010374999437772,244.86457644613608,29.2,0.5557031631469727,7.118300980955057,0.8814,0.8814,,5,0.5
excel,1000,mongo,D,multi,lab_orders,0,5000,1.5533653400314509,2.555999999458436,622.3530546643157,27.8,1.3715581893920898,13.515487266234375,0.3984,0.3984,,97,0.5
excel,1000,mongo,D,multi,lab_orders,1,5000,1.5408986600217758,2.560124997944513,626.7667300584751,29.3,1.3715581893920898,13.515487266234375,0.3984,0.3984,,97,0.5
excel,1000,mongo,D,multi,lab_orders,2,5000,1.5487346399604576,2.579324998805532,623.3557900164516,31.4,1.3715581893920898,13.515487266234375,0.3984,0.3984,,97,0.5
excel,1000,mongo,D,multi,billing,0,5000,3.001770639994356,3.652719997626264,326.10363530485165,28.7,0.3111763000488281,3.6139021796916535,1.0,1.0,,4,0.5
excel,1000,mongo,D,multi,billing,1,5000,3.049735559999681,3.7258200016367495,320.99127240773777,30.1,0.3111763000488281,3.6139021796916535,1.0,1.0,,4,0.5
excel,1000,mongo,D,multi,billing,2,5000,2.9986605399994004,3.6396349996721256,326.4724942777788,29.1,0.3111763000488281,3.6139021796916535,1.0,1.0,,4,0.5
excel,1000,mongo,D,multi,patients,0,5000,3.9688498600364257,4.819430000861757,247.2503596565863,30.5,0.7309122085571289,9.362647967847153,0.9158,0.9158,,5,0.75
excel,1000,mongo,D,multi,patients,1,5000,4.021662299986201,5.018304999794055,244.00802903537212,30.3,0.7309122085571289,9.362647967847153,0.9158,0.9158,,5,0.75
excel,1000,mongo,D,multi,patients,2,5000,3.991446179986815,4.9184350016730605,245.8779084983904,30.6,0.7309122085571289,9.362647967847153,0.9158,0.9158,,5,0.75
excel,1000,mongo,D,multi,lab_orders,0,5000,1.612575299970922,2.5772050006708014,599.4066329880576,30.1,1.991998672485352,19.62937693825768,0.3288,0.3288,,97,0.75
excel,1000,mongo,D,multi,lab_orders,1,5000,1.622160680005618,2.6097200008734944,595.7544654208731,29.9,1.991998672485352,19.62937693825768,0.3288,0.3288,,97,0.75
excel,1000,mongo,D,multi,lab_orders,2,5000,1.6093448400264605,2.5901100007104105,600.6939841625828,28.9,1.991998672485352,19.62937693825768,0.3288,0.3288,,97,0.75
excel,1000,mongo,D,multi,billing,0,5000,3.0652484999969603,3.712450000966783,319.3102367554531,29.5,0.3544216156005859,4.116139464823675,1.0,1.0,,4,0.75
excel,1000,mongo,D,multi,billing,1,5000,3.0582900000132214,3.7483250005607274,320.0613227252365,30.2,0.3544216156005859,4.116139464823675,1.0,1.0,,4,0.75
excel,1000,mongo,D,multi,billing,2,5000,3.050456860018312,3.698150000491296,320.81008807596726,29.8,0.3544216156005859,4.116139464823675,1.0,1.0,,4,0.75
excel,1000,mongo,D,multi,patients,0,5000,4.132969859948207,5.022480000479845,237.5284973626968,29.0,0.9054794311523438,11.598773500775724,0.018,0.018,,5,1.0
excel,1000,mongo,D,multi,patients,1,5000,4.1956718399778765,5.254709997825557,233.94078835123955,31.5,0.9054794311523438,11.598773500775724,0.018,0.018,,5,1.0
excel,1000,mongo,D,multi,patients,2,5000,4.149666300015087,5.053829996722927,236.51591657746687,30.6,0.9054794311523438,11.598773500775724,0.018,0.018,,5,1.0
excel,1000,mongo,D,multi,lab_orders,0,5000,2.465379340004438,2.9709500009630574,395.6190726372657,31.1,2.613853454589844,25.757203270369327,0.0,0.0,,97,1.0
excel,1000,mongo,D,multi,lab_orders,1,5000,2.454927299969131,2.915045000008832,397.3261160262385,30.7,2.613853454589844,25.757203270369327,0.0,0.0,,97,1.0
excel,1000,mongo,D,multi,lab_orders,2,5000,2.4916157199906594,3.055610001865716,391.0525334576516,31.6,2.613853454589844,25.757203270369327,0.0,0.0,,97,1.0
excel,1000,mongo,D,multi,billing,0,5000,3.245500779984286,3.86712500021531,301.8849278292378,29.0,0.4240388870239258,4.924652223994329,0.3124,0.3124,,4,1.0
excel,1000,mongo,D,multi,billing,1,5000,3.295574419998593,4.022769998300647,297.1870331971828,29.3,0.4240388870239258,4.924652223994329,0.3124,0.3124,,4,1.0
excel,1000,mongo,D,multi,billing,2,5000,3.260234440026397,3.9028399993185294,300.4704044463684,29.2,0.4240388870239258,4.924652223994329,0.3124,0.3124,,4,1.0
excel,1000,mongo,D,multi,linkage,0,0,0.0,0.0,0.0,0.0,0.0,1.0,,,0.0,0,
excel,1000,couchbase,A,single,lab_orders,0,5000,2.408252579989494,3.453754999281955,413.1639829256077,33.4,18.47195529937744,1.0,1.0,,,5000,
excel,1000,couchbase,A,single,lab_orders,1,5000,2.3259662199940068,3.2040799998867446,427.5653757934869,34.5,18.47195529937744,1.0,1.0,,,5000,
excel,1000,couchbase,A,single,lab_orders,2,5000,2.303836040002352,3.157139999166248,431.7072128527466,34.3,18.47195529937744,1.0,1.0,,,5000,
excel,1000,couchbase,B,single,lab_orders,0,5000,2.4122610200065537,3.338659999462834,405.33926827843294,35.0,18.484122276306152,1.0006586729304787,0.7236,,,97,
excel,1000,couchbase,B,single,lab_orders,1,5000,2.411548119972577,3.460894998715958,405.3851131413424,36.0,18.484122276306152,1.0006586729304787,0.7236,,,97,
excel,1000,couchbase,B,single,lab_orders,2,5000,2.409118079976179,3.438830001323368,405.72455601700585,35.7,18.484122276306152,1.0006586729304787,0.7236,,,97,
excel,1000,couchbase,C,single,lab_orders,0,5000,2.686815640004352,3.4360650024609645,364.500266380381,33.8,18.47621154785156,1.0002304167807436,0.3984,0.4048,,97,0.5
excel,1000,couchbase,C,single,lab_orders,1,5000,2.6657990400010023,3.4396700009892816,367.601516779715,33.6,18.47621154785156,1.0002304167807436,0.3984,0.4048,,97,0.5
excel,1000,couchbase,C,single,lab_orders,2,5000,2.660804820025078,3.426919997582446,368.41242208579473,31.4,18.47621154785156,1.0002304167807436,0.3984,0.4048,,97,0.5
excel,1000,couchbase,C,single,lab_orders,0,5000,2.853470959972765,3.524859998651664,343.6494563307322,32.6,17.73230743408203,0.9599583339550232,0.3288,0.4188,,97,0.75
excel,1000,couchbase,C,single,lab_orders,1,5000,2.831097939958272,3.552109995507635,346.57520001852333,32.4,17.73230743408203,0.9599583339550232,0.3288,0.4188,,97,0.75
excel,1000,couchbase,C,single,lab_orders,2,5000,2.86292029999604,3.569534996859147,342.7100822400527,31.8,17.73230743408203,0.9599583339550232,0.3288,0.4188,,97,0.75
excel,1000,couchbase,C,single,lab_orders,0,5000,3.1255021400211263,3.852599999299855,313.84829620364565,33.4,16.92799186706543,0.9164158094100604,0.0,0.3352,,97,1.0
excel,1000,couchbase,C,single,lab_orders,1,5000,3.1183870000735623,3.955719997975393,314.60575463015573,33.2,16.92799186706543,0.9164158094100604,0.0,0.3352,,97,1.0
excel,1000,couchbase,C,single,lab_orders,2,5000,3.0622401000597166,3.76109999997425,320.46501781446875,31.2,16.92799186706543,0.9164158094100604,0.0,0.3352,,97,1.0
excel,1000,couchbase,D,single,lab_orders,0,5000,2.6629631399249774,3.426735000175541,368.160656474719,32.2,19.86164379119873,1.0752323438043467,0.3984,0.3984,,97,0.5
excel,1000,couchbase,D,single,lab_orders,1,5000,2.6310002999845894,3.3999100007349625,372.7259347765746,32.5,19.86164379119873,1.0752323438043467,0.3984,0.3984,,97,0.5
excel,1000,couchbase,D,single,lab_orders,2,5000,2.6298430999726405,3.392385000915965,372.9120866692514,30.5,19.86164379119873,1.0752323438043467,0.3984,0.3984,,97,0.5
excel,1000,couchbase,D,single,lab_orders,0,5000,3.00094474003854,3.799605002132012,326.4062101785141,36.8,19.109487533569336,1.0345135219233332,0.3288,0.3288,,97,0.75
excel,1000,couchbase,D,single,lab_orders,1,5000,2.8817275600100403,3.6705950020405,340.3314417122685,33.4,19.109487533569336,1.0345135219233332,0.3288,0.3288,,97,0.75
excel,1000,couchbase,D,single,lab_orders,2,5000,2.865809260008973,3.658845000245492,342.26004810301055,32.6,19.109487533569336,1.0345135219233332,0.3288,0.3288,,97,0.75
excel,1000,couchbase,D,single,lab_orders,0,5000,3.0833101799493305,3.755605002515949,318.2885831680909,31.1,18.4127779006958,0.9967963652075514,0.0,0.0,,97,1.0
excel,1000,couchbase,D,single,lab_orders,1,5000,3.069083840001258,3.821965005045058,319.79752774240006,32.4,18.4127779006958,0.9967963652075514,0.0,0.0,,97,1.0
excel,1000,couchbase,D,single,lab_orders,2,5000,3.136067059975176,3.982120002183365,312.83915283605984,35.1,18.4127779006958,0.9967963652075514,0.0,0.0,,97,1.0
excel,1000,couchbase,A,multi,patients,0,5000,8.35981996004557,10.732360003748909,118.5626186134526,35.7,21.21927547454834,1.0,1.0,,,5000,
excel,1000,couchbase,A,multi,patients,1,5000,8.364504079942709,10.734269996100922,118.35416508664272,36.3,21.21927547454834,1.0,1.0,,,5000,
excel,1000,couchbase,A,multi,patients,2,5000,8.338011579935847,10.642495001229692,118.75667819273237,36.1,21.21927547454834,1.0,1.0,,,5000,
excel,1000,couchbase,A,multi,lab_orders,0,5000,2.3822934599913426,3.362435004964937,416.160206631128,34.5,21.22932243347168,1.0,1.0,,,5000,
excel,1000,couchbase,A,multi,lab_orders,1,5000,2.2868700799750514,3.117414996086154,434.9401704999811,32.6,21.22932243347168,1.0,1.0,,,5000,
excel,1000,couchbase,A,multi,lab_orders,2,5000,2.292710140027338,3.1214500042551663,433.781245436515,30.5,21.22932243347168,1.0,1.0,,,5000,
excel,1000,couchbase,A,multi,billing,0,5000,4.912196839986427,6.350909996035625,202.1192192048892,31.9,21.242544174194336,1.0,1.0,,,5000,
excel,1000,couchbase,A,multi,billing,1,5000,4.853145519988902,6.227050004235935,204.4433781041128,30.8,21.242544174194336,1.0,1.0,,,5000,
excel,1000,couchbase,A,multi,billing,2,5000,4.844829239984392,6.163054998251027,204.79331198123077,31.1,21.242544174194336,1.0,1.0,,,5000,
excel,1000,couchbase,A,multi,linkage,0,0,0.0,0.0,0.0,0.0,0.0,1.0,,,1.0,0,
excel,1000,couchbase,B,multi,patients,0,5000,7.38879502001073,9.430370000336552,132.94777132445424,35.5,21.254886627197266,1.0016782454561957,1.0,,,5,
excel,1000,couchbase,B,multi,patients,1,5000,7.402100619956036,9.602565001114272,132.62946628003806,36.0,21.254886627197266,1.0016782454561957,1.0,,,5,
excel,1000,couchbase,B,multi,patients,2,5000,7.370991359994514,9.499599997434416,133.23046200787994,34.7,21.254886627197266,1.0016782454561957,1.0,,,5,
excel,1000,couchbase,B,multi,lab_orders,0,5000,2.348811899978318,3.258640001513413,415.2026207058088,32.1,21.24803066253662,1.0008812447558593,0.7236,,,97,
excel,1000,couchbase,B,multi,lab_orders,1,5000,2.343274959971313,3.2178199966438115,417.6257023294866,33.7,21.24803066253662,1.0008812447558593,0.7236,,,97,
excel,1000,couchbase,B,multi,lab_orders,2,5000,2.3332323999915388,3.20983000092383,419.5978725046165,32.5,21.24803066253662,1.0008812447558593,0.7236,,,97,
excel,1000,couchbase,B,multi,billing,0,5000,4.747641719957755,5.988239998623612,207.1378261497924,32.1,21.236584663391117,0.9997194539997492,1.0,,,4,
excel,1000,couchbase,B,multi,billing,1,5000,4.7157586399800495,5.983344998094253,208.2734694636131,31.7,21.236584663391117,0.9997194539997492,1.0,,,4,
excel,1000,couchbase,B,multi,billing,2,5000,4.702902020075999,5.919089995950344,208.7977709150907,32.0,21.236584663391117,0.9997194539997492,1.0,,,4,
excel,1000,couchbase,B,multi,linkage,0,0,0.0,0.0,0.0,0.0,0.0,1.0,,,1.0,0,
excel,1000,couchbase,C,multi,patients,0,5000,8.002912399949855,9.658514996408488,122.7209396127714,36.0,21.22654914855957,1.0003427861625132,0.8814,0.8814,,5,0.5
excel,1000,couchbase,C,multi,patients,1,5000,7.936049439979252,9.46874999499414,123.81836297841248,36.4,21.22654914855957,1.0003427861625132,0.8814,0.8814,,5,0.5
excel,1000,couchbase,C,multi,patients,2,5000,8.327743080025538,10.36354499483423,117.90244967781489,40.5,21.22654914855957,1.0003427861625132,0.8814,0.8814,,5,0.5
excel,1000,couchbase,C,multi,lab_orders,0,5000,3.853185779989872,5.141225000625128,252.9976195251447,47.3,18.605244636535645,0.8763937094478943,0.3984,0.4048,,97,0.5
excel,1000,couchbase,C,multi,lab_orders,1,5000,3.646872720080137,4.882509998060414,267.378565305426,44.8,18.605244636535645,0.8763937094478943,0.3984,0.4048,,97,0.5
excel,1000,couchbase,C,multi,lab_orders,2,5000,3.458542959985789,4.613544993844698,282.17984608333865,39.8,18.605244636535645,0.8763937094478943,0.3984,0.4048,,97,0.5
excel,1000,couchbase,C,multi,billing,0,5000,6.207075879992044,7.600070003900328,157.83096964145153,38.6,19.72467422485352,0.9285457553062432,1.0,1.0,,4,0.5
excel,1000,couchbase,C,multi,billing,1,5000,6.236694400021224,7.743689998824267,157.0705034232457,38.1,19.72467422485352,0.9285457553062432,1.0,1.0,,4,0.5
excel,1000,couchbase,C,multi,billing,2,5000,6.1889292599691546,7.638509999378584,158.3177916451393,38.0,19.72467422485352,0.9285457553062432,1.0,1.0,,4,0.5
excel,1000,couchbase,C,multi,patients,0,5000,10.324343659986337,12.110274997758095,94.85184065660606,41.4,19.53231811523437,0.9204988237540248,0.9158,0.8814,,5,0.75
excel,1000,couchbase,C,multi,patients,1,5000,10.24501689993922,11.964509994504624,95.56891532111844,40.5,19.53231811523437,0.9204988237540248,0.9158,0.8814,,5,0.75
excel,1000,couchbase,C,multi,patients,2,5000,9.997569020018272,12.092770000890598,97.99189943299064,41.2,19.53231811523437,0.9204988237540248,0.9158,0.8814,,5,0.75
excel,1000,couchbase,C,multi,lab_orders,0,5000,2.9923807599858265,4.098560001148144,327.41565551713984,36.1,19.7365140914917,0.9296817716788592,0.3288,0.4188,,97,0.75
excel,1000,couchbase,C,multi,lab_orders,1,5000,4.085497519990895,6.070870002076845,238.8946067516573,55.1,19.7365140914917,0.9296817716788592,0.3288,0.4188,,97,0.75
excel,1000,couchbase,C,multi,lab_orders,2,5000,3.167870220054465,4.464305000146851,308.9986112057221,38.6,19.7365140914917,0.9296817716788592,0.3288,0.4188,,97,0.75
excel,1000,couchbase,C,multi,billing,0,5000,5.421097959981125,6.863150001663599,181.0638933414448,37.5,20.722250938415527,0.9755070187679842,1.0,1.0,,4,0.75
excel,1000,couchbase,C,multi,billing,1,5000,5.37128465998685,6.739974996526144,182.76852364287032,37.2,20.722250938415527,0.9755070187679842,1.0,1.0,,4,0.75
excel,1000,couchbase,C,multi,billing,2,5000,5.51157679996395,6.9565500005410295,177.9568881428952,41.1,20.722250938415527,0.9755070187679842,1.0,1.0,,4,0.75
excel,1000,couchbase,C,multi,patients,0,5000,8.56906165998662,10.261419996822951,114.73582542024252,43.4,20.806883811950684,0.980565233573017,0.018,0.8814,,5,1.0
excel,1000,couchbase,C,multi,patients,1,5000,8.34551817997999,10.060664997581624,117.80829680245144,37.5,20.806883811950684,0.980565233573017,0.018,0.8814,,5,1.0
excel,1000,couchbase,C,multi,patients,2,5000,8.300955940014683,9.79515000326501,118.48772140062724,36.7,20.806883811950684,0.980565233573017,0.018,0.8814,,5,1.0
excel,1000,couchbase,C,multi,lab_orders,0,5000,3.07566790003184,3.7667149998014793,318.8967377028456,31.9,21.08138942718506,0.993031666142421,0.0,0.3352,,97,1.0
excel,1000,couchbase,C,multi,lab_orders,1,5000,3.054630940052448,3.7216499982605455,321.17468123713024,31.2,21.08138942718506,0.993031666142421,0.0,0.3352,,97,1.0
excel,1000,couchbase,C,multi,lab_orders,2,5000,3.1696362001355736,4.160504999890691,309.3099454103024,35.4,21.08138942718506,0.993031666142421,0.0,0.3352,,97,1.0
excel,1000,couchbase,C,multi,billing,0,5000,5.566496540002118,6.865625005957555,176.49184532844964,36.1,21.76172924041748,1.0244408137728558,0.3124,0.3124,,4,1.0
excel,1000,couchbase,C,multi,billing,1,5000,5.498652119886538,6.554150000374648,178.71806227353537,34.3,21.76172924041748,1.0244408137728558,0.3124,0.3124,,4,1.0
excel,1000,couchbase,C,multi,billing,2,5000,5.4973426800046585,6.514464996507741,178.7385650885738,33.8,21.76172924041748,1.0244408137728558,0.3124,0.3124,,4,1.0
excel,1000,couchbase,C,multi,linkage,0,0,0.0,0.0,0.0,0.0,0.0,1.0,,,1.0,0,
excel,1000,couchbase,D,multi,patients,0,5000,7.987150340009248,9.464615006072563,122.9973434172685,35.7,21.88408470153809,1.0313304395235907,0.8814,0.8814,,5,0.5
excel,1000,couchbase,D,multi,patients,1,5000,8.002798019973852,9.674195000479813,122.73025158015092,37.1,21.88408470153809,1.0313304395235907,0.8814,0.8814,,5,0.5
excel,1000,couchbase,D,multi,patients,2,5000,8.073536200018134,9.700954995059874,121.6257575876916,38.3,21.88408470153809,1.0313304395235907,0.8814,0.8814,,5,0.5
excel,1000,couchbase,D,multi,lab_orders,0,5000,2.6762674999379668,3.427424999244977,366.33101196938577,32.9,21.78791618347168,1.0263123682703732,0.3984,0.3984,,97,0.5
excel,1000,couchbase,D,multi,lab_orders,1,5000,2.664319639968744,3.449069996349863,367.9978798611047,32.6,21.78791618347168,1.0263123682703732,0.3984,0.3984,,97,0.5
excel,1000,couchbase,D,multi,lab_orders,2,5000,2.6577726800678647,3.4268550018168757,368.943618936327,32.4,21.78791618347168,1.0263123682703732,0.3984,0.3984,,97,0.5
excel,1000,couchbase,D,multi,billing,0,5000,4.923026400009985,6.086114995196112,199.6407193743343,32.7,20.44994163513184,0.9626879655956954,1.0,1.0,,4,0.5
excel,1000,couchbase,D,multi,billing,1,5000,4.879729580083222,6.0529799964569975,201.49828888659107,32.9,20.44994163513184,0.9626879655956954,1.0,1.0,,4,0.5
excel,1000,couchbase,D,multi,billing,2,5000,5.027300360011577,6.221429998549866,195.27829883669207,37.8,20.44994163513184,0.9626879655956954,1.0,1.0,,4,0.5
excel,1000,couchbase,D,multi,patients,0,5000,8.28088416003302,9.840280000207713,118.6384314254842,38.6,20.4561710357666,0.9640372057143493,0.9158,0.9158,,5,0.75
excel,1000,couchbase,D,multi,patients,1,5000,8.144047539980965,9.728460003680086,120.62855768145296,36.5,20.4561710357666,0.9640372057143493,0.9158,0.9158,,5,0.75
excel,1000,couchbase,D,multi,patients,2,5000,8.163974059988686,9.561869997196482,120.35723384635648,35.8,20.4561710357666,0.9640372057143493,0.9158,0.9158,,5,0.75
excel,1000,couchbase,D,multi,lab_orders,0,5000,2.891024139955698,3.577135003797593,339.2351036794768,31.9,20.55279922485352,0.9681326047621986,0.3288,0.3288,,97,0.75
excel,1000,couchbase,D,multi,lab_orders,1,5000,2.85679994001257,3.5639649981021653,343.39980324153214,33.3,20.55279922485352,0.9681326047621986,0.3288,0.3288,,97,0.75
excel,1000,couchbase,D,multi,lab_orders,2,5000,2.915140399997472,3.813220003576135,336.38168697183573,33.8,20.55279922485352,0.9681326047621986,0.3288,0.3288,,97,0.75
excel,1000,couchbase,D,multi,billing,0,5000,5.171471999977075,6.222104997141287,190.06045982873977,33.6,21.43288803100586,1.0089605018707106,1.0,1.0,,4,0.75
excel,1000,couchbase,D,multi,billing,1,5000,5.099144300012267,6.168914999216213,192.80087620745567,33.0,21.43288803100586,1.0089605018707106,1.0,1.0,,4,0.75
excel,1000,couchbase,D,multi,billing,2,5000,5.09368176003336,6.113269997513271,192.97994834896977,33.0,21.43288803100586,1.0089605018707106,1.0,1.0,,4,0.75
excel,1000,couchbase,D,multi,patients,0,5000,8.32441445995355,9.72117000128492,118.1758562958077,36.9,21.50205993652344,1.013326772740864,0.018,0.018,,5,1.0
excel,1000,couchbase,D,multi,patients,1,5000,8.27584671999357,9.656095001264475,118.8183703181379,36.0,21.50205993652344,1.013326772740864,0.018,0.018,,5,1.0
excel,1000,couchbase,D,multi,patients,2,5000,8.370411300007254,9.92806999856839,117.48415280933705,37.0,21.50205993652344,1.013326772740864,0.018,0.018,,5,1.0
excel,1000,couchbase,D,multi,lab_orders,0,5000,3.105130720003217,3.716044999237056,315.98913224899394,32.2,20.109149932861328,0.947234656022549,0.0,0.0,,97,1.0
excel,1000,couchbase,D,multi,lab_orders,1,5000,3.120918819999497,3.923745001884527,314.4125815590168,33.3,20.109149932861328,0.947234656022549,0.0,0.0,,97,1.0
excel,1000,couchbase,D,multi,lab_orders,2,5000,3.100479800069297,3.779225000107545,316.57180993379365,31.8,20.109149932861328,0.947234656022549,0.0,0.0,,97,1.0
excel,1000,couchbase,D,multi,billing,0,5000,5.578731759960647,6.653469999946537,176.15460935044226,34.5,22.4919376373291,1.0588156226904564,0.3124,0.3124,,4,1.0
excel,1000,couchbase,D,multi,billing,1,5000,5.535850340046454,6.596405002346728,177.5519046093994,34.3,22.4919376373291,1.0588156226904564,0.3124,0.3124,,4,1.0
excel,1000,couchbase,D,multi,billing,2,5000,5.531117820017971,6.550879995847937,177.66111459339166,33.5,22.4919376373291,1.0588156226904564,0.3124,0.3124,,4,1.0
excel,1000,couchbase,D,multi,linkage,0,0,0.0,0.0,0.0,0.0,0.0,1.0,,,0.0,0,
excel,1000,cassandra,A,single,lab_orders,0,5000,6.071820700007083,12.359634996391833,164.4503587663936,29.1,0.0368881225585937,1.0,1.0,,,5000,
excel,1000,cassandra,A,single,lab_orders,1,5000,2.7701750599604567,9.845680002763403,359.88205830030586,34.9,0.0368881225585937,1.0,1.0,,,5000,
excel,1000,cassandra,A,single,lab_orders,2,5000,1.6953613000485348,2.466734996414744,587.3167445482233,35.1,0.0368881225585937,1.0,1.0,,,5000,
excel,1000,cassandra,B,single,lab_orders,0,5000,1.6820502800765098,2.386315002513584,580.9131098982656,31.5,0.1862955093383789,5.050284384694932,0.7236,,,97,
excel,1000,cassandra,B,single,lab_orders,1,5000,1.6618986200221115,2.384130000064033,587.5410417981041,31.9,0.1862955093383789,5.050284384694932,0.7236,,,97,
excel,1000,cassandra,B,single,lab_orders,2,5000,1.6968277200459851,2.5240250030037714,575.1498699648555,35.3,0.1862955093383789,5.050284384694932,0.7236,,,97,
excel,1000,cassandra,C,single,lab_orders,0,5000,1.93023526006582,2.490520002902485,507.27171466587856,31.7,1.0371507453918458,28.116116339193383,0.3984,0.4048,,97,0.5
excel,1000,cassandra,C,single,lab_orders,1,5000,2.073976540016884,2.826605000154814,472.9019252101791,31.7,1.0371507453918458,28.116116339193383,0.3984,0.4048,,97,0.5
excel,1000,cassandra,C,single,lab_orders,2,5000,1.943109420061228,2.5258600020606536,504.1503624020326,31.3,1.0371507453918458,28.116116339193383,0.3984,0.4048,,97,0.5
excel,1000,cassandra,C,single,lab_orders,0,5000,2.1697893200296674,2.677924996532965,452.3930015453079,30.3,1.4945958709716796,40.51699482936918,0.3288,0.4188,,97,0.75
excel,1000,cassandra,C,single,lab_orders,1,5000,2.111772380034381,2.6514049986872124,464.4713293043347,30.6,1.4945958709716796,40.51699482936918,0.3288,0.4188,,97,0.75
excel,1000,cassandra,C,single,lab_orders,2,5000,2.116607679985464,2.6994299991201847,463.3335869314234,31.2,1.4945958709716796,40.51699482936918,0.3288,0.4188,,97,0.75
excel,1000,cassandra,C,single,lab_orders,0,5000,2.37154060001194,2.951609999217908,414.4219913924956,29.7,1.960594873428345,53.14976034126164,0.0,0.3352,,97,1.0
excel,1000,cassandra,C,single,lab_orders,1,5000,2.309486480048508,2.793870003370104,425.30675568735927,30.5,1.960594873428345,53.14976034126164,0.0,0.3352,,97,1.0
excel,1000,cassandra,C,single,lab_orders,2,5000,2.4220749599902773,3.232955000567018,405.3087633647204,35.1,1.960594873428345,53.14976034126164,0.0,0.3352,,97,1.0
excel,1000,cassandra,D,single,lab_orders,0,5000,2.208866479957942,3.1498200023634126,444.5668406112672,30.1,1.027188377380371,27.84604653567735,0.3984,0.3984,,97,0.5
excel,1000,cassandra,D,single,lab_orders,1,5000,1.9790962000246508,2.7506700040248693,495.2834699965094,31.9,1.027188377380371,27.84604653567735,0.3984,0.3984,,97,0.5
excel,1000,cassandra,D,single,lab_orders,2,5000,1.9326258599874564,2.500330004477292,507.0586416562946,30.6,1.027188377380371,27.84604653567735,0.3984,0.3984,,97,0.5
excel,1000,cassandra,D,single,lab_orders,0,5000,2.2854631999871344,2.936365004643449,429.6466204666972,31.4,1.4810239219665529,40.14907290589452,0.3288,0.3288,,97,0.75
excel,1000,cassandra,D,single,lab_orders,1,5000,2.186154759999772,2.758639998864965,448.7789671229776,32.2,1.4810239219665529,40.14907290589452,0.3288,0.3288,,97,0.75
excel,1000,cassandra,D,single,lab_orders,2,5000,2.102153220048058,2.574545002062223,466.7455335928577,30.4,1.4810239219665529,40.14907290589452,0.3288,0.3288,,97,0.75
excel,1000,cassandra,D,single,lab_orders,0,5000,2.34313299995265,2.8267100016819318,419.5130029606264,29.6,1.970733423233032,53.424606256463285,0.0,0.0,,97,1.0
excel,1000,cassandra,D,single,lab_orders,1,5000,2.3345778400136625,2.922320002107881,420.6978884911632,32.6,1.970733423233032,53.424606256463285,0.0,0.0,,97,1.0
excel,1000,cassandra,D,single,lab_orders,2,5000,2.302344840037404,2.8557050038216403,426.6540113120655,29.9,1.970733423233032,53.424606256463285,0.0,0.0,,97,1.0
excel,1000,cassandra,A,multi,patients,0,5000,6.649762400047621,8.295170006022092,150.1877250443052,27.4,0.0199730205535888,1.0,1.0,,,5000,
excel,1000,cassandra,A,multi,patients,1,5000,6.714310519951686,8.319694997771876,148.5725642770869,28.5,0.0199730205535888,1.0,1.0,,,5000,
excel,1000,cassandra,A,multi,patients,2,5000,6.701824399942415,8.215309996739961,148.84046003334998,28.0,0.0199730205535888,1.0,1.0,,,5000,
excel,1000,cassandra,A,multi,lab_orders,0,5000,1.6618349600437796,2.35350499933702,596.0678287516326,31.5,0.0368881225585937,1.0,1.0,,,5000,
excel,1000,cassandra,A,multi,lab_orders,1,5000,1.6281334399667684,2.348130002428661,610.6757230687653,31.4,0.0368881225585937,1.0,1.0,,,5000,
excel,1000,cassandra,A,multi,lab_orders,2,5000,1.8386972400345256,2.966105000814423,541.5515264938856,33.0,0.0368881225585937,1.0,1.0,,,5000,
excel,1000,cassandra,A,multi,billing,0,5000,3.867724459939928,5.271660004655133,258.00476156052474,28.8,0.0239038467407226,1.0,1.0,,,5000,
excel,1000,cassandra,A,multi,billing,1,5000,3.757373220055888,4.845025002941839,265.2560336649348,29.0,0.0239038467407226,1.0,1.0,,,5000,
excel,1000,cassandra,A,multi,billing,2,5000,3.749167260011018,4.882075000932673,265.8980482960424,29.1,0.0239038467407226,1.0,1.0,,,5000,
excel,1000,cassandra,A,multi,linkage,0,0,0.0,0.0,0.0,0.0,0.0,1.0,,,1.0,0,
excel,1000,cassandra,B,multi,patients,0,5000,6.821467119996669,8.387964999928956,145.38819641443425,28.7,0.147043285369873,7.362095531587057,1.0,,,5,
excel,1000,cassandra,B,multi,patients,1,5000,6.919149120002112,8.479470005477197,143.24992022267898,28.2,0.147043285369873,7.362095531587057,1.0,,,5,
excel,1000,cassandra,B,multi,patients,2,5000,6.953306020023592,8.53367500130844,142.5192805427178,29.2,0.147043285369873,7.362095531587057,1.0,,,5,
excel,1000,cassandra,B,multi,lab_orders,0,5000,1.6986112000304274,2.412324996839743,572.6544642932923,30.4,0.1862955093383789,5.050284384694932,0.7236,,,97,
excel,1000,cassandra,B,multi,lab_orders,1,5000,1.694131060045038,2.469619996554684,576.1595989744773,34.2,0.1862955093383789,5.050284384694932,0.7236,,,97,
excel,1000,cassandra,B,multi,lab_orders,2,5000,1.6899922199780122,2.4243500007287366,577.6286859093536,34.5,0.1862955093383789,5.050284384694932,0.7236,,,97,
excel,1000,cassandra,B,multi,billing,0,5000,4.202205400090316,5.696054999862099,234.98018522540085,32.7,0.1856803894042968,7.767803710353082,1.0,,,4,
excel,1000,cassandra,B,multi,billing,1,5000,4.006409959982557,5.363869995562709,246.49229144662849,29.3,0.1856803894042968,7.767803710353082,1.0,,,4,
excel,1000,cassandra,B,multi,billing,2,5000,3.979510699989624,5.26072500324517,248.00639439848328,31.0,0.1856803894042968,7.767803710353082,1.0,,,4,
excel,1000,cassandra,B,multi,linkage,0,0,0.0,0.0,0.0,0.0,0.0,1.0,,,1.0,0,
excel,1000,cassandra,C,multi,patients,0,5000,7.953568260050088,9.035244996994152,124.75454512056945,28.1,0.4008981227874756,20.071982688439174,0.8814,0.8814,,5,0.5
excel,1000,cassandra,C,multi,patients,1,5000,7.985681400031899,9.017554999809365,124.3343709716245,27.5,0.4008981227874756,20.071982688439174,0.8814,0.8814,,5,0.5
excel,1000,cassandra,C,multi,patients,2,5000,8.0465724799491,9.260605003146338,123.38096322989044,28.6,0.4008981227874756,20.071982688439174,0.8814,0.8814,,5,0.5
excel,1000,cassandra,C,multi,lab_orders,0,5000,1.995578260043112,2.6001200003520357,491.24709677863217,29.8,1.0371507453918458,28.116116339193383,0.3984,0.4048,,97,0.5
excel,1000,cassandra,C,multi,lab_orders,1,5000,1.9262242000477272,2.494809999188874,508.5269700633368,30.9,1.0371507453918458,28.116116339193383,0.3984,0.4048,,97,0.5
excel,1000,cassandra,C,multi,lab_orders,2,5000,1.9247755800461164,2.483429998756037,509.0308589983008,31.9,1.0371507453918458,28.116116339193383,0.3984,0.4048,,97,0.5
excel,1000,cassandra,C,multi,billing,0,5000,4.077108319915714,5.269360003148904,242.5388712926156,28.9,0.2301668167114257,9.6288609615001,1.0,1.0,,4,0.5
excel,1000,cassandra,C,multi,billing,1,5000,4.104077039952972,5.2689700005430495,240.81380231050025,30.7,0.2301668167114257,9.6288609615001,1.0,1.0,,4,0.5
excel,1000,cassandra,C,multi,billing,2,5000,4.116585019898776,5.31141499595833,240.0836993237522,29.9,0.2301668167114257,9.6288609615001,1.0,1.0,,4,0.5
excel,1000,cassandra,C,multi,patients,0,5000,8.273487620016386,9.340605001125368,120.00561184642352,28.5,0.5280429172515869,26.437809736129527,0.9158,0.8814,,5,0.75
excel,1000,cassandra,C,multi,patients,1,5000,8.327386340078373,9.199029999581398,119.24934180206736,27.9,0.5280429172515869,26.437809736129527,0.9158,0.8814,,5,0.75
excel,1000,cassandra,C,multi,patients,2,5000,8.384831339979428,9.61987499977113,118.40437768075984,29.8,0.5280429172515869,26.437809736129527,0.9158,0.8814,,5,0.75
excel,1000,cassandra,C,multi,lab_orders,0,5000,2.139121000064188,2.6832150004338478,458.7360837360605,30.5,1.4945958709716796,40.51699482936918,0.3288,0.4188,,97,0.75
excel,1000,cassandra,C,multi,lab_orders,1,5000,2.2411310999741545,2.9697250061872182,436.8994473037378,39.5,1.4945958709716796,40.51699482936918,0.3288,0.4188,,97,0.75
excel,1000,cassandra,C,multi,lab_orders,2,5000,2.437665720026416,3.416385000309675,402.4825639723457,35.8,1.4945958709716796,40.51699482936918,0.3288,0.4188,,97,0.75
excel,1000,cassandra,C,multi,billing,0,5000,4.369034379988444,5.300735001583235,226.49954328406048,28.9,0.2632593631744385,11.01326351486136,1.0,1.0,,4,0.75
excel,1000,cassandra,C,multi,billing,1,5000,4.372047200024826,5.320624994419632,226.2762488425108,29.0,0.2632593631744385,11.01326351486136,1.0,1.0,,4,0.75
excel,1000,cassandra,C,multi,billing,2,5000,4.361306380013412,5.353470003319671,226.83408171186383,28.8,0.2632593631744385,11.01326351486136,1.0,1.0,,4,0.75
excel,1000,cassandra,C,multi,patients,0,5000,8.252939020015765,9.341800002584932,120.31379049323162,28.1,0.6611300468444824,33.101154883941014,0.018,0.8814,,5,1.0
excel,1000,cassandra,C,multi,patients,1,5000,8.517266819954965,9.922149997510132,116.5680658584944,29.2,0.6611300468444824,33.101154883941014,0.018,0.8814,,5,1.0
excel,1000,cassandra,C,multi,patients,2,5000,8.46175814002927,9.772279997923762,117.33286239988642,29.4,0.6611300468444824,33.101154883941014,0.018,0.8814,,5,1.0
excel,1000,cassandra,C,multi,lab_orders,0,5000,2.395517279976048,2.963000004456263,410.03460970945616,33.0,1.960594873428345,53.14976034126164,0.0,0.3352,,97,1.0
excel,1000,cassandra,C,multi,lab_orders,1,5000,2.337375539986533,2.9517700004362277,420.0687968511549,33.2,1.960594873428345,53.14976034126164,0.0,0.3352,,97,1.0
excel,1000,cassandra,C,multi,lab_orders,2,5000,2.345751179980289,2.925505002713181,418.5544168457584,32.2,1.960594873428345,53.14976034126164,0.0,0.3352,,97,1.0
excel,1000,cassandra,C,multi,billing,0,5000,4.955210499971872,5.798890003279667,199.8456264480039,29.3,0.3159906768798828,13.21923957709954,0.3124,0.3124,,4,1.0
excel,1000,cassandra,C,multi,billing,1,5000,4.960709440030041,5.7721049975953065,199.62697862473752,29.8,0.3159906768798828,13.21923957709954,0.3124,0.3124,,4,1.0
excel,1000,cassandra,C,multi,billing,2,5000,4.969836259962176,5.75274999573594,199.254108186342,29.5,0.3159906768798828,13.21923957709954,0.3124,0.3124,,4,1.0
excel,1000,cassandra,C,multi,linkage,0,0,0.0,0.0,0.0,0.0,0.0,1.0,,,1.0,0,
excel,1000,cassandra,D,multi,patients,0,5000,7.997919220032054,9.218805002819863,124.13680233132058,28.5,0.4009329986572265,20.073728837433386,0.8814,0.8814,,5,0.5
excel,1000,cassandra,D,multi,patients,1,5000,8.017269739945187,9.105324998745346,123.84059996866624,28.2,0.4009329986572265,20.073728837433386,0.8814,0.8814,,5,0.5
excel,1000,cassandra,D,multi,patients,2,5000,8.036162699983105,9.150044998386877,123.55563585243968,27.9,0.4009329986572265,20.073728837433386,0.8814,0.8814,,5,0.5
excel,1000,cassandra,D,multi,lab_orders,0,5000,2.008567420061445,2.63130999810528,488.0940011256183,31.5,1.027188377380371,27.84604653567735,0.3984,0.3984,,97,0.5
excel,1000,cassandra,D,multi,lab_orders,1,5000,1.9603705799716409,2.587760000824346,499.82731466118514,33.4,1.027188377380371,27.84604653567735,0.3984,0.3984,,97,0.5
excel,1000,cassandra,D,multi,lab_orders,2,5000,1.9334418799873676,2.5118300047324738,506.7472843489238,32.3,1.027188377380371,27.84604653567735,0.3984,0.3984,,97,0.5
excel,1000,cassandra,D,multi,billing,0,5000,4.063251639978262,5.217735003316193,243.3686567687678,29.2,0.2326269531249999,9.731778974665868,1.0,1.0,,4,0.5
excel,1000,cassandra,D,multi,billing,1,5000,4.074648459983291,5.222899998625508,242.66774200181783,29.4,0.2326269531249999,9.731778974665868,1.0,1.0,,4,0.5
excel,1000,cassandra,D,multi,billing,2,5000,4.069921219964454,5.235704995357082,242.9334367970584,29.6,0.2326269531249999,9.731778974665868,1.0,1.0,,4,0.5
excel,1000,cassandra,D,multi,patients,0,5000,8.265304379956797,9.385100004510605,120.12894198558284,27.7,0.5297802066802979,26.52479154361577,0.9158,0.9158,,5,0.75
excel,1000,cassandra,D,multi,patients,1,5000,8.33471106003417,9.314604999235598,119.13043710926594,27.8,0.5297802066802979,26.52479154361577,0.9158,0.9158,,5,0.75
excel,1000,cassandra,D,multi,patients,2,5000,8.34769421996025,9.405304997198984,118.94036513972732,28.4,0.5297802066802979,26.52479154361577,0.9158,0.9158,,5,0.75
excel,1000,cassandra,D,multi,lab_orders,0,5000,2.134271600066859,2.608704999875045,459.8292690710566,30.7,1.4810239219665529,40.14907290589452,0.3288,0.3288,,97,0.75
excel,1000,cassandra,D,multi,lab_orders,1,5000,2.1053699800526373,2.6250099992466867,465.8982036090701,31.5,1.4810239219665529,40.14907290589452,0.3288,0.3288,,97,0.75
excel,1000,cassandra,D,multi,lab_orders,2,5000,2.1138317800490767,2.6971299968863605,463.9787154776152,32.0,1.4810239219665529,40.14907290589452,0.3288,0.3288,,97,0.75
excel,1000,cassandra,D,multi,billing,0,5000,4.340442220012482,5.273199997100164,227.9518850466967,28.3,0.264535026550293,11.066629962098544,1.0,1.0,,4,0.75
excel,1000,cassandra,D,multi,billing,1,5000,4.364852060130215,5.338660000052187,226.63052538309424,30.5,0.264535026550293,11.066629962098544,1.0,1.0,,4,0.75
excel,1000,cassandra,D,multi,billing,2,5000,4.352035359997535,5.328130000270903,227.2822307692541,28.8,0.264535026550293,11.066629962098544,1.0,1.0,,4,0.75
excel,1000,cassandra,D,multi,patients,0,5000,8.306483460043092,9.405519993742928,119.52944765842032,28.6,0.6541713953018189,32.75275232139455,0.018,0.018,,5,1.0
excel,1000,cassandra,D,multi,patients,1,5000,8.422892000009597,9.654655004123926,117.87182903032937,28.8,0.6541713953018189,32.75275232139455,0.018,0.018,,5,1.0
excel,1000,cassandra,D,multi,patients,2,5000,8.568353439992643,10.05213000244112,115.87331322232792,29.5,0.6541713953018189,32.75275232139455,0.018,0.018,,5,1.0
excel,1000,cassandra,D,multi,lab_orders,0,5000,2.31908254007285,2.8397199988830835,423.8170393369768,31.6,1.970733423233032,53.424606256463285,0.0,0.0,,97,1.0
excel,1000,cassandra,D,multi,lab_orders,1,5000,2.402950140053872,2.955224998004269,408.82721070839375,32.5,1.970733423233032,53.424606256463285,0.0,0.0,,97,1.0
excel,1000,cassandra,D,multi,lab_orders,2,5000,2.3077104800220694,2.86425999547646,425.6504594523873,30.2,1.970733423233032,53.424606256463285,0.0,0.0,,97,1.0
excel,1000,cassandra,D,multi,billing,0,5000,4.935181139956694,5.712034998214222,200.6666974435828,29.0,0.3127298355102539,13.082824655894674,0.3124,0.3124,,4,1.0
excel,1000,cassandra,D,multi,billing,1,5000,5.268639960043947,6.216930001028231,187.56110858143663,37.3,0.3127298355102539,13.082824655894674,0.3124,0.3124,,4,1.0
excel,1000,cassandra,D,multi,billing,2,5000,5.004880140007299,5.8641549989260975,197.79662002444468,30.6,0.3127298355102539,13.082824655894674,0.3124,0.3124,,4,1.0
excel,1000,cassandra,D,multi,linkage,0,0,0.0,0.0,0.0,0.0,0.0,1.0,,,0.0,0,
excel,10000,mongo,A,single,lab_orders,0,5000,3.3154021799942712,5.467919999864535,299.3912890080557,28.6,0.9594955444335938,1.0,1.0,,,5000,
excel,10000,mongo,A,single,lab_orders,1,5000,3.2708684400029595,5.44200500153238,302.6763844511543,29.2,0.9594955444335938,1.0,1.0,,,5000,
excel,10000,mongo,A,single,lab_orders,2,5000,3.296859199969913,5.4672199963533785,300.3516920081631,30.1,0.9594955444335938,1.0,1.0,,,5000,
excel,10000,mongo,B,single,lab_orders,0,5000,3.3061094800345017,5.410185005166569,295.6671376525184,28.6,2.504484176635742,2.61020928253938,0.911,,,153,
excel,10000,mongo,B,single,lab_orders,1,5000,3.320518400006404,5.520550001892844,294.4743022082076,28.9,2.504484176635742,2.61020928253938,0.911,,,153,
excel,10000,mongo,B,single,lab_orders,2,5000,3.3060697000604704,5.441905000407132,295.6767365765899,28.5,2.504484176635742,2.61020928253938,0.911,,,153,
excel,10000,mongo,C,single,lab_orders,0,5000,4.021270160010317,5.224359995554551,243.60256189409975,29.1,35.37351131439209,36.86678017381901,0.391,0.391,,153,0.5
excel,10000,mongo,C,single,lab_orders,1,5000,4.059412219928345,5.372800004261081,242.0023381878349,29.4,35.37351131439209,36.86678017381901,0.391,0.391,,153,0.5
excel,10000,mongo,C,single,lab_orders,2,5000,4.097883480020391,5.3742100066301655,239.79120823185707,30.0,35.37351131439209,36.86678017381901,0.391,0.391,,153,0.5
excel,10000,mongo,C,single,lab_orders,0,5000,4.535436819955066,5.51450500061037,216.86888794077967,29.7,52.39793682098389,54.60988029070553,0.3148,0.391,,153,0.75
excel,10000,mongo,C,single,lab_orders,1,5000,4.540958880010294,5.6021949982095975,216.53437145567145,30.5,52.39793682098389,54.60988029070553,0.3148,0.391,,153,0.75
excel,10000,mongo,C,single,lab_orders,2,5000,4.604708640044555,5.730199997924501,213.5641913263657,30.4,52.39793682098389,54.60988029070553,0.3148,0.391,,153,0.75
excel,10000,mongo,C,single,lab_orders,0,5000,5.058731560017622,6.13700000285462,194.66170334351025,30.0,69.32264232635498,72.2490507939537,0.0,0.22,,153,1.0
excel,10000,mongo,C,single,lab_orders,1,5000,5.035335599965765,6.072934995972901,195.5801300163458,29.1,69.32264232635498,72.2490507939537,0.0,0.22,,153,1.0
excel,10000,mongo,C,single,lab_orders,2,5000,5.084966919991712,6.204394999804208,193.6439472614485,30.5,69.32264232635498,72.2490507939537,0.0,0.22,,153,1.0
excel,10000,mongo,D,single,lab_orders,0,5000,4.063054459998966,5.313020001267432,241.7857346561865,29.7,31.37049865722656,32.69478304429761,0.391,0.391,,153,0.5
excel,10000,mongo,D,single,lab_orders,1,5000,4.056100479995076,5.267404995902325,242.1895962266097,30.2,31.37049865722656,32.69478304429761,0.391,0.391,,153,0.5
excel,10000,mongo,D,single,lab_orders,2,5000,4.082743160001701,5.279500001051929,240.6400872310717,29.4,31.37049865722656,32.69478304429761,0.391,0.391,,153,0.5
excel,10000,mongo,D,single,lab_orders,0,5000,4.527374619980401,5.5076699984056185,217.26161050170236,27.9,52.22116661071777,54.42564784555076,0.3148,0.3148,,153,0.75
excel,10000,mongo,D,single,lab_orders,1,5000,4.656694519950543,5.868105000990909,211.1426959938799,32.2,52.22116661071777,54.42564784555076,0.3148,0.3148,,153,0.75
excel,10000,mongo,D,single,lab_orders,2,5000,4.55234358003654,5.553965000945028,216.0848338340166,28.8,52.22116661071777,54.42564784555076,0.3148,0.3148,,153,0.75
excel,10000,mongo,D,single,lab_orders,0,5000,5.018533879972528,6.076919997576624,196.2405168045685,29.3,68.32839584350586,71.21283286817267,0.0,0.0,,153,1.0
excel,10000,mongo,D,single,lab_orders,1,5000,5.043307919995277,6.13060000287078,195.27793961874835,29.4,68.32839584350586,71.21283286817267,0.0,0.0,,153,1.0
excel,10000,mongo,D,single,lab_orders,2,5000,5.035580979987572,6.044615002247157,195.5542378850001,30.3,68.32839584350586,71.21283286817267,0.0,0.0,,153,1.0
excel,10000,mongo,A,multi,patients,0,5000,12.798981940065278,16.048314998624846,77.89682219415812,29.9,0.4736890792846679,1.0,1.0,,,5000,
excel,10000,mongo,A,multi,patients,1,5000,12.909783120031353,16.354839998530224,75.64498072526843,30.8,0.4736890792846679,1.0,1.0,,,5000,
excel,10000,mongo,A,multi,patients,2,5000,13.352716419975332,16.466340002807556,73.96673245613233,33.2,0.4736890792846679,1.0,1.0,,,5000,
excel,10000,mongo,A,multi,lab_orders,0,5000,3.414498780037684,5.615199994645082,280.90803274383035,28.6,0.9594955444335938,1.0,1.0,,,5000,
excel,10000,mongo,A,multi,lab_orders,1,5000,3.3964796399479384,5.654834999222658,291.51981623146145,29.9,0.9594955444335938,1.0,1.0,,,5000,
excel,10000,mongo,A,multi,lab_orders,2,5000,3.3101498200092463,5.533020002258127,298.87250645816295,28.7,0.9594955444335938,1.0,1.0,,,5000,
excel,10000,mongo,A,multi,billing,0,5000,9.768602620046297,13.008610005272203,101.87303061348804,29.0,0.8006658554077148,1.0,1.0,,,5000,
excel,10000,mongo,A,multi,billing,1,5000,9.92323631993204,13.278215000173075,99.82056175962576,29.6,0.8006658554077148,1.0,1.0,,,5000,
excel,10000,mongo,A,multi,billing,2,5000,9.808619980000367,12.87219000623736,100.85492236659098,28.1,0.8006658554077148,1.0,1.0,,,5000,
excel,10000,mongo,A,multi,linkage,0,0,0.0,0.0,0.0,0.0,0.0,1.0,,,1.0,0,
excel,10000,mongo,B,multi,patients,0,5000,12.746319759987818,15.59459999916726,77.49130984941772,29.1,1.3413162231445312,2.8316384772266505,1.0,,,5,
excel,10000,mongo,B,multi,patients,1,5000,12.861436699960905,15.86344999886933,76.54641966637277,29.6,1.3413162231445312,2.8316384772266505,1.0,,,5,
excel,10000,mongo,B,multi,patients,2,5000,12.850996539960033,15.712099998199848,76.48573314832329,29.6,1.3413162231445312,2.8316384772266505,1.0,,,5,
excel,10000,mongo,B,multi,lab_orders,0,5000,3.3820070998903247,5.455944998175255,280.53815477129393,28.4,2.504484176635742,2.61020928253938,0.911,,,153,
excel,10000,mongo,B,multi,lab_orders,1,5000,3.332076299986511,5.474809995212127,293.3640242169826,28.3,2.504484176635742,2.61020928253938,0.911,,,153,
excel,10000,mongo,B,multi,lab_orders,2,5000,3.3612977199882152,5.496069998116582,290.88972421175583,28.7,2.504484176635742,2.61020928253938,0.911,,,153,
excel,10000,mongo,B,multi,billing,0,5000,9.78035023995326,12.78154500068922,101.16436419879048,28.7,2.4686946868896484,3.0833020669184656,1.0,,,4,
excel,10000,mongo,B,multi,billing,1,5000,9.931599580011971,13.04375500367314,99.15863186916472,29.9,2.4686946868896484,3.0833020669184656,1.0,,,4,
excel,10000,mongo,B,multi,billing,2,5000,9.920460260042455,13.096139999470326,99.25579769640387,28.7,2.4686946868896484,3.0833020669184656,1.0,,,4,
excel,10000,mongo,B,multi,linkage,0,0,0.0,0.0,0.0,0.0,0.0,1.0,,,1.0,0,
excel,10000,mongo,C,multi,patients,0,5000,14.146105480055848,16.882334997717408,69.81809069617633,31.1,3.6181793212890634,7.638300056976156,0.8904,0.8904,,5,0.5
excel,10000,mongo,C,multi,patients,1,5000,14.241627119947225,16.976879997673677,69.71022037197868,31.5,3.6181793212890634,7.638300056976156,0.8904,0.8904,,5,0.5
excel,10000,mongo,C,multi,patients,2,5000,14.199644239881309,16.875995000009425,69.91811618131739,31.9,3.6181793212890634,7.638300056976156,0.8904,0.8904,,5,0.5
excel,10000,mongo,C,multi,lab_orders,0,5000,4.344561939958657,5.777109999326058,226.30723784723625,29.5,35.40866756439209,36.90342052113897,0.391,0.391,,153,0.5
excel,10000,mongo,C,multi,lab_orders,1,5000,4.270113599965407,5.777015004787245,230.27482434454495,29.8,35.40866756439209,36.90342052113897,0.391,0.391,,153,0.5
excel,10000,mongo,C,multi,lab_orders,2,5000,4.319528319976234,5.822904998785816,227.52823216944876,31.0,35.40866756439209,36.90342052113897,0.391,0.391,,153,0.5
excel,10000,mongo,C,multi,billing,0,5000,10.486457179993158,13.547045001905644,94.48683348462237,30.1,3.021291732788086,3.773473930956609,1.0,1.0,,4,0.5
excel,10000,mongo,C,multi,billing,1,5000,10.740879579992908,13.949009999487316,92.27498091212595,30.4,3.021291732788086,3.773473930956609,1.0,1.0,,4,0.5
excel,10000,mongo,C,multi,billing,2,5000,10.71303032003052,13.92261500041059,92.4961422402663,31.0,3.021291732788086,3.773473930956609,1.0,1.0,,4,0.5
excel,10000,mongo,C,multi,patients,0,5000,14.84985660000093,17.215380001289304,66.87578796898623,31.3,4.774432182312012,10.079253229823294,0.8904,0.8904,,5,0.75
excel,10000,mongo,C,multi,patients,1,5000,15.074055220048468,17.65534499863861,65.88216486232405,31.2,4.774432182312012,10.079253229823294,0.8904,0.8904,,5,0.75
excel,10000,mongo,C,multi,patients,2,5000,15.083081240025058,17.473929999323445,65.84752555587173,30.7,4.774432182312012,10.079253229823294,0.8904,0.8904,,5,0.75
excel,10000,mongo,C,multi,lab_orders,0,5000,4.625031499982288,5.600720001893933,212.79346213365807,28.2,52.30028057098389,54.508101548150094,0.3148,0.391,,153,0.75
excel,10000,mongo,C,multi,lab_orders,1,5000,4.569472339966159,5.717410001670943,215.30991278225807,29.4,52.30028057098389,54.508101548150094,0.3148,0.391,,153,0.75
excel,10000,mongo,C,multi,lab_orders,2,5000,4.591170520077867,5.733199999303906,214.24283909053852,30.4,52.30028057098389,54.508101548150094,0.3148,0.391,,153,0.75
excel,10000,mongo,C,multi,billing,0,5000,11.439702340058284,14.05928500025766,86.6630659780472,30.3,3.5034399032592773,4.375657934701432,1.0,1.0,,4,0.75
excel,10000,mongo,C,multi,billing,1,5000,11.621396840033412,14.40251499734586,85.31169009879527,30.4,3.5034399032592773,4.375657934701432,1.0,1.0,,4,0.75
excel,10000,mongo,C,multi,billing,2,5000,11.577264680042571,14.140630001566024,85.64183159916777,30.6,3.5034399032592773,4.375657934701432,1.0,1.0,,4,0.75
excel,10000,mongo,C,multi,patients,0,5000,14.447512639983325,16.525200004616636,68.72498812473941,30.6,5.930560111999512,12.519942661450898,0.0,0.0,,5,1.0
excel,10000,mongo,C,multi,patients,1,5000,14.945029339985922,17.15550000408257,66.44547623224233,31.3,5.930560111999512,12.519942661450898,0.0,0.0,,5,1.0
excel,10000,mongo,C,multi,patients,2,5000,15.075919960018656,17.251424999994924,65.87176433249593,31.8,5.930560111999512,12.519942661450898,0.0,0.0,,5,1.0
excel,10000,mongo,C,multi,lab_orders,0,5000,5.246230640016438,6.495160001941258,187.8179447905856,28.9,70.02576732635498,72.98185774035288,0.0,0.22,,153,1.0
excel,10000,mongo,C,multi,lab_orders,1,5000,5.222944500097947,6.502514993553632,188.6470905643979,29.1,70.02576732635498,72.98185774035288,0.0,0.22,,153,1.0
excel,10000,mongo,C,multi,lab_orders,2,5000,5.136043500043161,6.150255001921324,191.8520142581192,29.1,70.02576732635498,72.98185774035288,0.0,0.22,,153,1.0
excel,10000,mongo,C,multi,billing,0,5000,13.060829620008008,15.059409999958008,75.9769883207512,30.3,5.226801872253418,6.528068902840658,1.0,1.0,,4,1.0
excel,10000,mongo,C,multi,billing,1,5000,13.368186879942368,15.433510002549156,74.23359525177892,31.9,5.226801872253418,6.528068902840658,1.0,1.0,,4,1.0
excel,10000,mongo,C,multi,billing,2,5000,13.324775220052109,15.409279994128156,74.47368075768782,31.6,5.226801872253418,6.528068902840658,1.0,1.0,,4,1.0
excel,10000,mongo,C,multi,linkage,0,0,0.0,0.0,0.0,0.0,0.0,1.0,,,1.0,0,
excel,10000,mongo,D,multi,patients,0,5000,14.424353660093038,17.224015001920634,68.82675206653325,31.7,3.6174163818359375,7.636689423574438,0.8904,0.8904,,5,0.5
excel,10000,mongo,D,multi,patients,1,5000,14.53812591999158,17.127404994971585,68.2997645795933,31.1,3.6174163818359375,7.636689423574438,0.8904,0.8904,,5,0.5
excel,10000,mongo,D,multi,patients,2,5000,14.512614559919166,17.176370003289776,68.42179406454107,31.5,3.6174163818359375,7.636689423574438,0.8904,0.8904,,5,0.5
excel,10000,mongo,D,multi,lab_orders,0,5000,4.102571760011779,5.257344997880865,239.63352557375896,28.8,31.00331115722656,32.312094972289145,0.391,0.391,,153,0.5
excel,10000,mongo,D,multi,lab_orders,1,5000,4.073428540027817,5.359235003925278,241.2669949014352,29.2,31.00331115722656,32.312094972289145,0.391,0.391,,153,0.5
excel,10000,mongo,D,multi,lab_orders,2,5000,4.0660882400232365,5.365264997453779,241.69227750828287,29.1,31.00331115722656,32.312094972289145,0.391,0.391,,153,0.5
excel,10000,mongo,D,multi,billing,0,5000,10.620465559957664,13.675100000546085,93.3033294955414,29.7,3.0206356048583984,3.772654453111693,1.0,1.0,,4,0.5
excel,10000,mongo,D,multi,billing,1,5000,10.779023720016994,14.076359994214728,91.94450387889889,29.8,3.0206356048583984,3.772654453111693,1.0,1.0,,4,0.5
excel,10000,mongo,D,multi,billing,2,5000,10.863463240016426,14.089035002689345,91.23616060119882,29.7,3.0206356048583984,3.772654453111693,1.0,1.0,,4,0.5
excel,10000,mongo,D,multi,patients,0,5000,14.634414460005065,16.936599994369317,67.84925493539465,30.3,4.773571968078613,10.077437240662857,0.8904,0.8904,,5,0.75
excel,10000,mongo,D,multi,patients,1,5000,15.079206020079436,17.50653000017337,65.85896876130202,31.2,4.773571968078613,10.077437240662857,0.8904,0.8904,,5,0.75
excel,10000,mongo,D,multi,patients,2,5000,14.944967140049268,17.424594998374236,66.4487029601906,31.3,4.773571968078613,10.077437240662857,0.8904,0.8904,,5,0.75
excel,10000,mongo,D,multi,lab_orders,0,5000,4.549728260008851,5.535625000993605,216.2416294000629,28.8,46.94382286071777,48.9255245978547,0.3148,0.3148,,153,0.75
excel,10000,mongo,D,multi,lab_orders,1,5000,4.626040919992374,5.760445003033965,212.6861566957983,30.1,46.94382286071777,48.9255245978547,0.3148,0.3148,,153,0.75
excel,10000,mongo,D,multi,lab_orders,2,5000,4.557989460010139,5.655220002154238,215.84868354558577,29.2,46.94382286071777,48.9255245978547,0.3148,0.3148,,153,0.75
excel,10000,mongo,D,multi,billing,0,5000,11.818150320019049,14.28102000245417,83.90412540726793,29.6,3.502305030822754,4.374240523894092,1.0,1.0,,4,0.75
excel,10000,mongo,D,multi,billing,1,5000,11.908048600023903,14.569520002623904,83.27335250904235,29.8,3.502305030822754,4.374240523894092,1.0,1.0,,4,0.75
excel,10000,mongo,D,multi,billing,2,5000,11.860596200042346,14.47732000196993,83.60560823410282,30.2,3.502305030822754,4.374240523894092,1.0,1.0,,4,0.75
excel,10000,mongo,D,multi,patients,0,5000,15.099019959908038,17.215104999922914,65.77318244581066,32.2,5.929584503173828,12.517883063988451,0.0,0.0,,5,1.0
excel,10000,mongo,D,multi,patients,1,5000,15.293045859987616,17.503855001268676,64.94607970583573,32.3,5.929584503173828,12.517883063988451,0.0,0.0,,5,1.0
excel,10000,mongo,D,multi,patients,2,5000,15.461007880058606,17.684125003870577,64.24258468691512,31.4,5.929584503173828,12.517883063988451,0.0,0.0,,5,1.0
excel,10000,mongo,D,multi,lab_orders,0,5000,5.11259422008734,6.103505003193277,192.72905435672385,29.0,69.32839584350586,72.25504719194039,0.0,0.0,,153,1.0
excel,10000,mongo,D,multi,lab_orders,1,5000,5.141369059986028,6.342729998141295,191.6418643446589,29.6,69.32839584350586,72.25504719194039,0.0,0.0,,153,1.0
excel,10000,mongo,D,multi,lab_orders,2,5000,5.119647120086301,6.1562100036098855,192.47964547959523,28.8,69.32839584350586,72.25504719194039,0.0,0.0,,153,1.0
excel,10000,mongo,D,multi,billing,0,5000,13.22993321999238,15.179105001880089,75.0110340105906,30.5,4.20979118347168,5.257862758900804,1.0,1.0,,4,1.0
excel,10000,mongo,D,multi,billing,1,5000,13.458241919985449,15.529504993537556,73.74497233142444,30.4,4.20979118347168,5.257862758900804,1.0,1.0,,4,1.0
excel,10000,mongo,D,multi,billing,2,5000,13.38178190002509,15.34127000013541,74.16610927126703,30.2,4.20979118347168,5.257862758900804,1.0,1.0,,4,1.0
excel,10000,mongo,D,multi,linkage,0,0,0.0,0.0,0.0,0.0,0.0,1.0,,,0.0,0,
excel,10000,couchbase,A,single,lab_orders,0,5000,6.298310980078531,11.307220001981475,157.4344834271869,34.7,22.607208251953125,1.0,1.0,,,5000,
excel,10000,couchbase,A,single,lab_orders,1,5000,6.140760180032521,10.94957000059367,160.9573837899382,36.3,22.607208251953125,1.0,1.0,,,5000,
excel,10000,couchbase,A,single,lab_orders,2,5000,6.076813320118527,10.813399996914086,162.92238814384885,35.0,22.607208251953125,1.0,1.0,,,5000,
excel,10000,couchbase,B,single,lab_orders,0,5000,5.94870397993509,10.421245000543422,164.95155320098397,38.5,23.499295234680176,1.0394602895140748,0.911,,,153,
excel,10000,couchbase,B,single,lab_orders,1,5000,5.861749119996967,10.30985999641416,167.27960646711762,35.6,23.499295234680176,1.0394602895140748,0.911,,,153,
excel,10000,couchbase,B,single,lab_orders,2,5000,5.8056183800363215,10.21663999890734,168.9398566170016,36.0,23.499295234680176,1.0394602895140748,0.911,,,153,
excel,10000,couchbase,C,single,lab_orders,0,5000,8.101441339938901,11.073645004216816,121.11024180869768,36.2,68.63967418670654,3.036185336187032,0.391,0.391,,153,0.5
excel,10000,couchbase,C,single,lab_orders,1,5000,8.081736160008585,11.05467499983206,121.55062157110426,36.1,68.63967418670654,3.036185336187032,0.391,0.391,,153,0.5
excel,10000,couchbase,C,single,lab_orders,2,5000,8.090767000005872,11.142025002845912,121.403571259429,35.9,68.63967418670654,3.036185336187032,0.391,0.391,,153,0.5
excel,10000,couchbase,C,single,lab_orders,0,5000,9.540463699999965,11.533249997955863,102.99947468825614,37.3,92.56486320495604,4.094484474745307,0.3148,0.391,,153,0.75
excel,10000,couchbase,C,single,lab_orders,1,5000,9.495935440102766,11.387055002705894,103.48487639315545,38.2,92.56486320495604,4.094484474745307,0.3148,0.391,,153,0.75
excel,10000,couchbase,C,single,lab_orders,2,5000,9.500461780033948,11.490800001774916,103.44813424512616,37.3,92.56486320495604,4.094484474745307,0.3148,0.391,,153,0.75
excel,10000,couchbase,C,single,lab_orders,0,5000,11.321108499997354,13.284454996392014,86.80411680746066,38.3,115.47304248809814,5.107797530821701,0.0,0.22,,153,1.0
excel,10000,couchbase,C,single,lab_orders,1,5000,11.24059259997739,12.94828000391135,87.4292799854381,37.7,115.47304248809814,5.107797530821701,0.0,0.22,,153,1.0
excel,10000,couchbase,C,single,lab_orders,2,5000,11.247593739966396,13.023175002672362,87.37690540349067,37.5,115.47304248809814,5.107797530821701,0.0,0.22,,153,1.0
excel,10000,couchbase,D,single,lab_orders,0,5000,8.132853839996097,11.159430003681337,120.82118632366364,35.6,157.1573886871338,6.951649533000447,0.391,0.391,,153,0.5
excel,10000,couchbase,D,single,lab_orders,1,5000,8.331932620023144,11.466959996323569,117.84536651073856,42.0,157.1573886871338,6.951649533000447,0.391,0.391,,153,0.5
excel,10000,couchbase,D,single,lab_orders,2,5000,8.178749060026894,11.237325004913147,120.07447883713378,37.7,157.1573886871338,6.951649533000447,0.391,0.391,,153,0.5
excel,10000,couchbase,D,single,lab_orders,0,5000,9.503947099934155,11.453310000433705,103.38347246346984,36.5,180.94337940216064,8.003791418452929,0.3148,0.3148,,153,0.75
excel,10000,couchbase,D,single,lab_orders,1,5000,9.486301599971194,11.486335001609406,103.56861037336742,37.2,180.94337940216064,8.003791418452929,0.3148,0.3148,,153,0.75
excel,10000,couchbase,D,single,lab_orders,2,5000,9.575779939947823,11.57610999798635,102.62186277962104,37.7,180.94337940216064,8.003791418452929,0.3148,0.3148,,153,0.75
excel,10000,couchbase,D,single,lab_orders,0,5000,11.263692959932088,13.175939997381647,87.2709029490815,38.3,204.1975450515747,9.032408724501986,0.0,0.0,,153,1.0
excel,10000,couchbase,D,single,lab_orders,1,5000,11.24545833997836,13.05765999823052,87.39158638935415,38.6,204.1975450515747,9.032408724501986,0.0,0.0,,153,1.0
excel,10000,couchbase,D,single,lab_orders,2,5000,11.254631159928977,13.252714994450798,87.33094183720564,38.6,204.1975450515747,9.032408724501986,0.0,0.0,,153,1.0
excel,10000,couchbase,A,multi,patients,0,5000,31.748595720015874,41.69047999894247,30.67555282215943,39.7,204.1975450515747,1.0,1.0,,,5000,
excel,10000,couchbase,A,multi,patients,1,5000,33.31730304002267,42.68294499961485,28.48297193516603,37.6,204.1975450515747,1.0,1.0,,,5000,
excel,10000,couchbase,A,multi,patients,2,5000,36.93306476003054,47.61879500001669,25.41187364042566,36.4,204.1975450515747,1.0,1.0,,,5000,
excel,10000,couchbase,A,multi,lab_orders,0,5000,8.017469619943586,16.727140003058597,116.17943509445335,34.2,204.6477117538452,1.0,1.0,,,5000,
excel,10000,couchbase,A,multi,lab_orders,1,5000,8.045592540006329,18.655919999582697,123.1454883629682,33.0,204.6477117538452,1.0,1.0,,,5000,
excel,10000,couchbase,A,multi,lab_orders,2,5000,8.10025397999998,19.204019999233427,122.45737616924328,32.7,204.6477117538452,1.0,1.0,,,5000,
excel,10000,couchbase,A,multi,billing,0,5000,31.918917899967347,48.50129500118784,30.62550529174277,35.7,204.8560056686401,1.0,1.0,,,5000,
excel,10000,couchbase,A,multi,billing,1,5000,23.518034220121628,32.167390003814944,41.571340568818286,38.6,204.8560056686401,1.0,1.0,,,5000,
excel,10000,couchbase,A,multi,billing,2,5000,23.73415783987584,32.868760001292685,41.19031858435044,38.9,204.8560056686401,1.0,1.0,,,5000,
excel,10000,couchbase,A,multi,linkage,0,0,0.0,0.0,0.0,0.0,0.0,1.0,,,1.0,0,
excel,10000,couchbase,B,multi,patients,0,5000,32.72729185999924,42.15424499998336,29.37970479431293,38.4,206.3647413253784,1.0106132337352849,1.0,,,5,
excel,10000,couchbase,B,multi,patients,1,5000,38.02901902004669,49.60652500194556,24.34800960743317,36.9,206.3647413253784,1.0106132337352849,1.0,,,5,
excel,10000,couchbase,B,multi,patients,2,5000,44.605100399970254,57.58537000256183,20.47170234069126,34.7,206.3647413253784,1.0106132337352849,1.0,,,5,
excel,10000,couchbase,B,multi,lab_orders,0,5000,9.103128939995075,22.300170004018582,99.4538428569086,31.5,207.8978729248047,1.015881737172165,0.911,,,153,
excel,10000,couchbase,B,multi,lab_orders,1,5000,9.358044339971093,24.6335249976255,105.31545355807468,31.0,207.8978729248047,1.015881737172165,0.911,,,153,
excel,10000,couchbase,B,multi,lab_orders,2,5000,9.427281679931912,24.31857500050683,104.66793580305904,32.2,207.8978729248047,1.015881737172165,0.911,,,153,
excel,10000,couchbase,B,multi,billing,0,5000,39.6355725798916,60.367784998379655,24.625877209145344,33.6,208.16559028625488,1.0161556631293889,1.0,,,4,
excel,10000,couchbase,B,multi,billing,1,5000,25.87531288002501,35.880325001926394,37.51231019914106,37.6,208.16559028625488,1.0161556631293889,1.0,,,4,
excel,10000,couchbase,B,multi,billing,2,5000,25.981381660055195,37.68491499467928,37.41879606744859,37.4,208.16559028625488,1.0161556631293889,1.0,,,4,
excel,10000,couchbase,B,multi,linkage,0,0,0.0,0.0,0.0,0.0,0.0,1.0,,,1.0,0,
excel,10000,couchbase,C,multi,patients,0,5000,38.941920519885024,47.49084999639308,24.502016243963773,38.2,212.78716564178467,1.0420652490608566,0.8904,0.8904,,5,0.5
excel,10000,couchbase,C,multi,patients,1,5000,46.02631768004794,56.86596500308952,20.43410508733379,36.9,212.78716564178467,1.0420652490608566,0.8904,0.8904,,5,0.5
excel,10000,couchbase,C,multi,patients,2,5000,52.284181940022975,65.02582000321127,17.917331377413074,35.9,212.78716564178467,1.0420652490608566,0.8904,0.8904,,5,0.5
excel,10000,couchbase,C,multi,lab_orders,0,5000,14.341957059926065,24.776260003272917,68.79597123086727,32.3,183.9863805770874,0.8990395201603343,0.391,0.391,,153,0.5
excel,10000,couchbase,C,multi,lab_orders,1,5000,15.228282599989324,27.55192500299017,64.84402594375524,31.9,183.9863805770874,0.8990395201603343,0.391,0.391,,153,0.5
excel,10000,couchbase,C,multi,lab_orders,2,5000,15.117412159930971,26.63741000142182,65.43697040730927,32.0,183.9863805770874,0.8990395201603343,0.391,0.391,,153,0.5
excel,10000,couchbase,C,multi,billing,0,5000,42.435203260032,59.8067050024838,22.962643180771085,33.9,185.71530532836917,0.90656510031133,1.0,1.0,,4,0.5
excel,10000,couchbase,C,multi,billing,1,5000,32.7154854599532,43.39486999560904,29.72912505700195,37.3,185.71530532836917,0.90656510031133,1.0,1.0,,4,0.5
excel,10000,couchbase,C,multi,billing,2,5000,33.22108081999759,45.14088500436629,29.267393491517385,37.3,185.71530532836917,0.90656510031133,1.0,1.0,,4,0.5
excel,10000,couchbase,C,multi,patients,0,5000,45.967555779982646,55.480890000399086,20.38615507124512,37.6,189.77443885803223,0.9293668971882124,0.8904,0.8904,,5,0.75
excel,10000,couchbase,C,multi,patients,1,5000,57.51086586001766,70.59875499508053,16.062463729511492,34.7,189.77443885803223,0.9293668971882124,0.8904,0.8904,,5,0.75
excel,10000,couchbase,C,multi,patients,2,5000,62.80675107999705,79.98224000075426,14.713359366266582,33.8,189.77443885803223,0.9293668971882124,0.8904,0.8904,,5,0.75
excel,10000,couchbase,C,multi,lab_orders,0,5000,23.88806448000396,32.6172150005732,41.40158004344234,30.8,205.8071699142456,1.0056656297324986,0.3148,0.391,,153,0.75
excel,10000,couchbase,C,multi,lab_orders,1,5000,24.90469145990501,34.6022800058563,39.73903698681303,30.1,205.8071699142456,1.0056656297324986,0.3148,0.391,,153,0.75
excel,10000,couchbase,C,multi,lab_orders,2,5000,24.826510800016692,33.495010001206545,39.94369137826333,29.9,205.8071699142456,1.0056656297324986,0.3148,0.391,,153,0.75
excel,10000,couchbase,C,multi,billing,0,5000,52.70995700002386,70.90320000170323,18.39132115114481,32.8,206.3171901702881,1.0071327393935985,1.0,1.0,,4,0.75
excel,10000,couchbase,C,multi,billing,1,5000,40.90867171994614,51.809979996687616,23.685751826751098,35.7,206.3171901702881,1.0071327393935985,1.0,1.0,,4,0.75
excel,10000,couchbase,C,multi,billing,2,5000,39.76358952003648,50.949029995535966,24.3745342654154,35.3,206.3171901702881,1.0071327393935985,1.0,1.0,,4,0.75
excel,10000,couchbase,C,multi,patients,0,5000,57.19809658001032,69.56995499895129,16.25848579921586,34.9,208.5952425003052,1.021536485404953,0.0,0.0,,5,1.0
excel,10000,couchbase,C,multi,patients,1,5000,66.97694414003635,86.71416499928455,13.673859363824308,33.5,208.5952425003052,1.021536485404953,0.0,0.0,,5,1.0
excel,10000,couchbase,C,multi,patients,2,5000,72.48419933999102,95.5782049950358,12.707056895331611,33.1,208.5952425003052,1.021536485404953,0.0,0.0,,5,1.0
excel,10000,couchbase,C,multi,lab_orders,0,5000,34.98663013997575,50.060139995184734,28.31156794913816,29.6,224.4703254699707,1.096862132228327,0.0,0.22,,153,1.0
excel,10000,couchbase,C,multi,lab_orders,1,5000,38.39286376000382,59.88816000171937,25.81254721095587,29.6,224.4703254699707,1.096862132228327,0.0,0.22,,153,1.0
excel,10000,couchbase,C,multi,lab_orders,2,5000,37.29691317994148,52.70797499470064,26.61488614944025,28.7,224.4703254699707,1.096862132228327,0.0,0.22,,153,1.0
excel,10000,couchbase,C,multi,billing,0,5000,78.57339112000773,111.67922999848088,11.897676648521411,30.8,225.7197113037109,1.101845711415551,1.0,1.0,,4,1.0
excel,10000,couchbase,C,multi,billing,1,5000,86.2789113999097,121.80765999692083,10.55427289629502,29.7,225.7197113037109,1.101845711415551,1.0,1.0,,4,1.0
excel,10000,couchbase,C,multi,billing,2,5000,92.63148291989492,134.9783900066542,9.936518435496474,29.4,225.7197113037109,1.101845711415551,1.0,1.0,,4,1.0
excel,10000,couchbase,C,multi,linkage,0,0,0.0,0.0,0.0,0.0,0.0,1.0,,,1.0,0,
excel,10000,couchbase,D,multi,patients,0,5000,110.82211190004018,164.56573499817753,8.088864898767975,29.2,227.92164134979248,1.1161820838356589,0.8904,0.8904,,5,0.5
excel,10000,cassandra,A,single,lab_orders,0,5000,11.555396900055348,58.75177500056456,86.46717048712271,34.2,0.4085540771484375,1.0,1.0,,,5000,
excel,10000,cassandra,A,single,lab_orders,1,5000,6.157753300070181,12.912710000455265,161.93953818926315,30.2,0.4085540771484375,1.0,1.0,,,5000,
excel,10000,cassandra,A,single,lab_orders,2,5000,6.060995339935471,12.628564999977243,164.5572354402902,28.8,0.4085540771484375,1.0,1.0,,,5000,
excel,10000,cassandra,B,single,lab_orders,0,5000,6.2618560599759805,13.04355499560188,158.04612156919387,28.1,1.9095420837402344,4.673902894491129,0.911,,,153,
excel,10000,cassandra,B,single,lab_orders,1,5000,6.274729280000611,12.932840002395096,157.7012566563366,27.2,1.9095420837402344,4.673902894491129,0.911,,,153,
excel,10000,cassandra,B,single,lab_orders,2,5000,6.426519159979944,13.274234998243628,153.88192168653686,29.8,1.9095420837402344,4.673902894491129,0.911,,,153,
excel,10000,cassandra,C,single,lab_orders,0,5000,10.417254159995355,15.753784997286855,95.21295140188542,27.7,21.72759594917297,53.18168919234359,0.391,0.391,,153,0.5
excel,10000,cassandra,C,single,lab_orders,1,5000,9.926654040027644,14.677824996033452,99.97541104765752,28.2,21.72759594917297,53.18168919234359,0.391,0.391,,153,0.5
excel,10000,cassandra,C,single,lab_orders,2,5000,10.031042139959755,14.999009998427937,98.95655125985654,26.8,21.72759594917297,53.18168919234359,0.391,0.391,,153,0.5
excel,10000,cassandra,C,single,lab_orders,0,5000,12.50559267992212,15.591619998303942,79.45173548125766,28.6,32.50765957832336,79.56758088235293,0.3148,0.391,,153,0.75
excel,10000,cassandra,C,single,lab_orders,1,5000,12.341633439969154,15.320770003745563,80.50045289715396,27.7,32.50765957832336,79.56758088235293,0.3148,0.391,,153,0.75
excel,10000,cassandra,C,single,lab_orders,2,5000,12.292258079940805,15.199749999374037,80.821691899413,27.1,32.50765957832336,79.56758088235293,0.3148,0.391,,153,0.75
excel,10000,cassandra,C,single,lab_orders,0,5000,14.346532600022329,16.747260003103293,69.27435368063344,27.0,42.84878735542297,104.879108426704,0.0,0.22,,153,1.0
excel,10000,cassandra,C,single,lab_orders,1,5000,15.176008719962557,17.321680000895867,65.49875804988183,30.7,42.84878735542297,104.879108426704,0.0,0.22,,153,1.0
excel,10000,cassandra,C,single,lab_orders,2,5000,15.642782399979478,16.88794999718084,63.55394865525847,27.6,42.84878735542297,104.879108426704,0.0,0.22,,153,1.0
excel,10000,cassandra,D,single,lab_orders,0,5000,10.125227419959264,15.032010001232264,98.01614441557513,27.6,21.943767805099487,53.71080361811391,0.391,0.391,,153,0.5
excel,10000,cassandra,D,single,lab_orders,1,5000,10.096798899935674,14.913759996852605,98.29298272714048,28.1,21.943767805099487,53.71080361811391,0.391,0.391,,153,0.5
excel,10000,cassandra,D,single,lab_orders,2,5000,10.298097280034565,15.25648499482486,96.36082141525124,29.4,21.943767805099487,53.71080361811391,0.391,0.391,,153,0.5
excel,10000,cassandra,D,single,lab_orders,0,5000,12.41652271996718,15.181380001013167,80.00010611213848,26.9,32.32556076049805,79.12186554621849,0.3148,0.3148,,153,0.75
excel,10000,cassandra,D,single,lab_orders,1,5000,12.457789499974751,15.297300003658169,79.7332482717791,27.6,32.32556076049805,79.12186554621849,0.3148,0.3148,,153,0.75
excel,10000,cassandra,D,single,lab_orders,2,5000,12.37271296006802,15.215255000293835,80.27152105286446,29.4,32.32556076049805,79.12186554621849,0.3148,0.3148,,153,0.75
excel,10000,cassandra,D,single,lab_orders,0,5000,15.481471299927216,18.572959999437444,64.21269315216924,27.4,42.79137854576111,104.7385913865546,0.0,0.0,,153,1.0
excel,10000,cassandra,D,single,lab_orders,1,5000,16.076742899909732,17.762554999717395,61.84453222162774,26.3,42.79137854576111,104.7385913865546,0.0,0.0,,153,1.0
excel,10000,cassandra,D,single,lab_orders,2,5000,16.75641723996814,17.964114999267622,59.34395241613962,26.2,42.79137854576111,104.7385913865546,0.0,0.0,,153,1.0
excel,10000,cassandra,A,multi,patients,0,5000,55.591959079956,190.20250500179827,17.984312254206888,31.0,0.1345035982131958,1.0,1.0,,,5000,
excel,10000,cassandra,A,multi,patients,0,5000,55.63228276003501,199.3658249957662,17.97115115976374,31.2,0.1345035982131958,1.0,1.0,,,5000,
excel,1000,arangodb,A,single,lab_orders,0,5000,44.1194484399879,44.67969000143057,22.6605736873835,20.6,0.1131219863891601,1.0,1.0,,,5000,
excel,1000,arangodb,B,single,lab_orders,0,5000,44.175129899964666,47.08495999766456,22.595526153517685,27.3,0.1519927978515625,1.343618536971935,0.7236,,,97,
excel,30000,mongo,A,single,lab_orders,0,5000,6.789064739983587,12.54912499789498,146.50668894160785,34.8,2.8819313049316406,1.0,1.0,,,5000,
excel,30000,mongo,A,single,lab_orders,1,5000,6.3547720600370665,11.5152649985248,155.6953125811766,28.8,2.8819313049316406,1.0,1.0,,,5000,
excel,30000,mongo,A,single,lab_orders,2,5000,6.315441400025156,11.57344499624742,156.68997418543552,28.3,2.8819313049316406,1.0,1.0,,,5000,
excel,30000,mongo,B,single,lab_orders,0,5000,6.651178619914572,12.140714994893644,147.6209445481966,27.8,7.53066349029541,2.61306141385422,0.9326,,,156,
excel,30000,mongo,B,single,lab_orders,1,5000,6.688660200078448,12.273280001681997,146.84452381410395,27.8,7.53066349029541,2.61306141385422,0.9326,,,156,
excel,30000,mongo,B,single,lab_orders,2,5000,6.694509679960902,12.2545749964047,146.72589728990914,27.4,7.53066349029541,2.61306141385422,0.9326,,,156,
excel,30000,mongo,C,single,lab_orders,0,5000,8.027889120034525,11.721839994424954,122.47807748356006,33.3,120.06502437591551,41.661306836306935,0.3962,0.3968,,156,0.5
excel,30000,mongo,C,single,lab_orders,1,5000,7.867789399945468,11.510230003113977,125.48710517847644,30.7,120.06502437591551,41.661306836306935,0.3962,0.3968,,156,0.5
excel,30000,mongo,C,single,lab_orders,2,5000,8.055595200021344,11.751895001725645,122.59974254691797,30.4,120.06502437591551,41.661306836306935,0.3962,0.3968,,156,0.5
excel,30000,mongo,C,single,lab_orders,0,5000,9.59779344000999,12.372919997142162,102.91621429415746,32.6,175.8308868408203,61.01147745608427,0.3238,0.3958,,156,0.75
excel,30000,mongo,C,single,lab_orders,1,5000,9.316055279974536,11.96689000389597,106.08319281181446,29.6,175.8308868408203,61.01147745608427,0.3238,0.3958,,156,0.75
excel,30000,mongo,C,single,lab_orders,2,5000,9.65270289999753,12.563835002220005,102.37378874582946,31.5,175.8308868408203,61.01147745608427,0.3238,0.3958,,156,0.75
excel,30000,mongo,C,single,lab_orders,0,5000,11.014618740027071,12.984920005692402,89.79788211874056,29.7,233.84768199920651,81.14269816183332,0.0004,0.2224,,156,1.0
excel,30000,mongo,C,single,lab_orders,1,5000,11.385245040024165,13.761410004735808,86.87303207172253,32.4,233.84768199920651,81.14269816183332,0.0004,0.2224,,156,1.0
excel,30000,mongo,C,single,lab_orders,2,5000,11.387330020035732,13.573985003313284,86.8539092076812,30.9,233.84768199920651,81.14269816183332,0.0004,0.2224,,156,1.0
excel,30000,mongo,D,single,lab_orders,0,5000,7.993098299982376,11.849745000290568,123.53497739330376,31.2,118.60540103912354,41.15483281512044,0.3962,0.3962,,156,0.5
excel,30000,mongo,D,single,lab_orders,1,5000,7.999665499974799,11.8816650032386,123.4188210088486,31.0,118.60540103912354,41.15483281512044,0.3962,0.3962,,156,0.5
excel,30000,mongo,D,single,lab_orders,2,5000,7.92511102007702,11.717930000668275,124.59668085557712,30.4,118.60540103912354,41.15483281512044,0.3962,0.3962,,156,0.5
excel,30000,mongo,D,single,lab_orders,0,5000,12.039483360055602,15.085794996412003,81.9741414079202,45.3,190.6245803833008,66.14473428186811,0.3238,0.3238,,156,0.75
excel,30000,mongo,D,single,lab_orders,1,5000,11.969043700009934,15.088010000181384,82.46073071986143,43.1,190.6245803833008,66.14473428186811,0.3238,0.3238,,156,0.75
excel,30000,mongo,D,single,lab_orders,2,5000,12.094783839950106,15.169525003875608,81.59985391666787,44.4,190.6245803833008,66.14473428186811,0.3238,0.3238,,156,0.75
excel,30000,mongo,D,single,lab_orders,0,5000,13.98909957986325,16.45234001116478,70.66520779570664,44.9,232.9018449783325,80.81450261489039,0.0004,0.0004,,156,1.0
excel,30000,mongo,D,single,lab_orders,1,5000,14.020847080100792,16.57002500651288,70.50653202619165,44.5,232.9018449783325,80.81450261489039,0.0004,0.0004,,156,1.0
excel,30000,mongo,D,single,lab_orders,2,5000,14.69050982001936,18.261265005276076,67.29501955549458,48.5,232.9018449783325,80.81450261489039,0.0004,0.0004,,156,1.0
excel,30000,mongo,A,multi,patients,0,5000,28.218109880076373,35.997029997815844,35.33963866888925,46.8,0.9189138412475586,1.0,1.0,,,5000,
excel,30000,mongo,A,multi,patients,1,5000,28.014480979955987,36.30090001097415,34.2183909897315,45.1,0.9189138412475586,1.0,1.0,,,5000,
excel,30000,mongo,A,multi,patients,2,5000,28.021784800029128,35.462730004655896,34.9532819606385,44.0,0.9189138412475586,1.0,1.0,,,5000,
excel,30000,mongo,A,multi,lab_orders,0,5000,8.512340600031894,14.345800007868093,112.89228927488912,42.0,2.8819313049316406,1.0,1.0,,,5000,
excel,30000,mongo,A,multi,lab_orders,1,5000,8.577799979993141,15.14464499341557,115.27178230988956,43.2,2.8819313049316406,1.0,1.0,,,5000,
excel,30000,mongo,A,multi,lab_orders,2,5000,8.418894920061575,14.373664999584436,117.3266364666042,41.8,2.8819313049316406,1.0,1.0,,,5000,
excel,30000,mongo,A,multi,billing,0,5000,29.665312400140103,40.089614992029965,33.57515045311944,41.9,2.406713485717773,1.0,1.0,,,5000,
excel,30000,mongo,A,multi,billing,1,5000,39.34637635988474,41.16593999060569,24.986322949064643,45.7,2.406713485717773,1.0,1.0,,,5000,
excel,30000,mongo,A,multi,billing,2,5000,30.488592380145565,41.70360999851255,32.15663059490896,45.9,2.406713485717773,1.0,1.0,,,5000,
excel,30000,mongo,A,multi,linkage,0,0,0.0,0.0,0.0,0.0,0.0,1.0,,,1.0,0,
excel,30000,mongo,B,multi,patients,0,5000,28.85678995989438,37.77984501066385,33.4593510865743,43.5,2.6089067459106445,2.8391200880908225,1.0,,,5,
excel,30000,mongo,B,multi,patients,1,5000,28.50422463986906,36.21106000427972,34.403392532849274,38.2,2.6089067459106445,2.8391200880908225,1.0,,,5,
excel,30000,mongo,B,multi,patients,2,5000,27.747062800009736,34.201495000888826,35.22847346497216,34.2,2.6089067459106445,2.8391200880908225,1.0,,,5,
excel,30000,mongo,B,multi,lab_orders,0,5000,6.774984959955328,11.690515002555912,140.23972230334903,33.3,8.11660099029541,2.816375593826979,0.9326,,,156,
excel,30000,mongo,B,multi,lab_orders,1,5000,6.733045479893917,12.294145001214927,145.0678256495008,34.3,8.11660099029541,2.816375593826979,0.9326,,,156,
excel,30000,mongo,B,multi,lab_orders,2,5000,6.809818719996838,12.204299999575596,143.40403709727622,34.2,8.11660099029541,2.816375593826979,0.9326,,,156,
excel,30000,mongo,B,multi,billing,0,5000,27.57717021999997,37.4236200012092,35.99554147992479,33.8,7.424508094787598,3.0849156490155814,1.0,,,4,
excel,30000,mongo,B,multi,billing,1,5000,30.380565679975557,38.6071500077378,32.21816896535857,34.4,7.424508094787598,3.0849156490155814,1.0,,,4,
excel,30000,mongo,B,multi,billing,2,5000,27.88698768004833,37.968070003262255,34.96818183241327,34.6,7.424508094787598,3.0849156490155814,1.0,,,4,
excel,30000,mongo,B,multi,linkage,0,0,0.0,0.0,0.0,0.0,0.0,1.0,,,1.0,0,
excel,30000,mongo,C,multi,patients,0,5000,30.535924600090947,36.60134000165272,31.58410229952233,37.9,6.994874954223633,7.612111865381283,0.941,0.941,,5,0.5
excel,30000,mongo,C,multi,patients,1,5000,30.4183006199979,36.07911499784677,32.70103283347627,36.2,6.994874954223633,7.612111865381283,0.941,0.941,,5,0.5
excel,30000,mongo,C,multi,patients,2,5000,29.5331199399021,35.22156999679282,33.674134975587904,36.4,6.994874954223633,7.612111865381283,0.941,0.941,,5,0.5
excel,30000,mongo,C,multi,lab_orders,0,5000,9.650588219822383,13.466410004184583,102.15126915830848,45.3,118.71346187591551,41.19232879450311,0.3962,0.3968,,156,0.5
excel,30000,mongo,C,multi,lab_orders,1,5000,10.323987119982483,14.58247500268044,95.51706674974191,44.8,118.71346187591551,41.19232879450311,0.3962,0.3968,,156,0.5
excel,30000,mongo,C,multi,lab_orders,2,5000,9.760944360046414,13.738320007541915,100.98582422197916,44.4,118.71346187591551,41.19232879450311,0.3962,0.3968,,156,0.5
excel,30000,mongo,C,multi,billing,0,5000,29.410222800020712,39.84480499057099,33.79978503593777,46.8,10.614178657531738,4.410237745589474,1.0,1.0,,4,0.5
excel,30000,mongo,C,multi,billing,1,5000,31.542337759997466,42.705209998530336,31.523909277468483,49.0,10.614178657531738,4.410237745589474,1.0,1.0,,4,0.5
excel,30000,mongo,C,multi,billing,2,5000,37.80539072005486,40.76249999852735,26.326727577751893,48.4,10.614178657531738,4.410237745589474,1.0,1.0,,4,0.5
excel,30000,mongo,D,multi,patients,0,5000,27.053509159915848,32.47064500901615,36.77774848887819,33.3,6.995291709899902,1.0,0.941,0.941,,5,0.5
excel,30000,mongo,C,multi,patients,0,5000,28.10732063994801,38.41991499139112,35.40447190315666,51.0,9.232068061828612,1.0,0.9108,0.9108,,5,0.75
excel,30000,mongo,D,multi,lab_orders,0,5000,8.683363080071285,13.090824997925663,113.460740592531,43.1,118.30852603912354,1.0,0.3962,0.3962,,156,0.5
excel,30000,mongo,D,multi,billing,0,5000,28.539182459990844,39.02187000858248,34.795626181161325,40.3,9.064579963684082,1.0,1.0,1.0,,4,0.5
excel,30000,mongo,D,multi,patients,0,5000,45.89406482008635,38.15063999427366,21.71053646889395,50.5,9.232388496398926,1.0,0.9108,0.9108,,5,0.75
excel,30000,mongo,C,multi,lab_orders,0,5000,9.939733619970502,13.359170004696352,99.53007690335542,39.8,177.1551055908203,1.0,0.3238,0.3958,,156,0.75
excel,30000,mongo,C,multi,billing,0,5000,28.035635359957816,36.30154500933714,35.49298915787227,41.7,12.713134765625,1.0,0.465,0.465,,4,0.75
excel,30000,mongo,D,multi,lab_orders,0,5000,10.585203740012366,14.45568499984802,93.3321548593259,45.2,175.61286163330078,1.0,0.3238,0.3238,,156,0.75
excel,30000,mongo,C,multi,patients,0,5000,30.398920100025133,36.84073500262457,32.66718985610419,50.0,13.367923736572266,1.0,0.0292,0.0292,,5,1.0
excel,30000,mongo,D,multi,billing,0,5000,32.275599759895705,41.15533500080346,30.7652032349435,48.0,11.662166595458984,1.0,0.465,0.465,,4,0.75
excel,30000,mongo,D,multi,patients,0,5000,35.0269804999989,34.36735500508804,28.423641536436254,42.7,12.743688583374023,1.0,0.0292,0.0292,,5,1.0
excel,30000,mongo,D,multi,lab_orders,0,5000,14.048088359896791,19.17363500251668,70.47118116985915,54.3,257.6049699783325,1.0,0.0004,0.0004,,156,1.0
excel,30000,mongo,C,multi,lab_orders,0,5000,13.74812166003976,18.578260004142066,71.89907476258067,55.0,272.35158824920654,1.0,0.0004,0.2224,,156,1.0
excel,30000,mongo,D,multi,billing,0,5000,36.40494227996096,42.84235500890645,27.296734760874813,45.2,13.492464065551758,1.0,0.465,0.465,,4,1.0
excel,30000,mongo,D,multi,linkage,0,0,0.0,0.0,0.0,0.0,0.0,1.0,,,0.0,0,
excel,30000,mongo,C,multi,billing,0,5000,41.003099940135144,42.61340500015649,24.1985046662787,45.8,15.321645736694336,1.0,0.465,0.465,,4,1.0
excel,30000,mongo,C,multi,linkage,0,0,0.0,0.0,0.0,0.0,0.0,1.0,,,1.0,0,
